20.0,-11.878632279990827,12.410646036295002,-13.767278362168115,-14.516989171018999,-6.997688044727515,-2.4491621491187563,-4.230410162693441,-10.55416730663751,7.497620265679341,5.34995395912321,-10.034962809493853,12.91576157793838,-12.07987696273154,-11.728652381129429,4.293510779460165,-0.6143531610816396,7.445352484797308,9.848207971121392,3.6272693394033477,1.2354639290792495,-19.999999999997435,9.01499416841211,-19.99167483116501,-19.99999999819991,-9.548618455745649,-2.065042865073229,-4.2721795196446815,-8.734636418037358,2.312222010361193,-1.0348667152408801,-18.207873353532676,-17.36492287686703,-1.0
20.0,-11.025058566256956,11.758468365797052,-11.65110205490705,-12.79807968331267,-4.328651944771475,2.244683900730857,-1.007953313751233,-7.14748669662331,9.75523444328347,9.091373877462901,-8.425425358619387,12.856177792915013,-10.555848494161626,-10.02430613373509,5.075537473203776,1.7186368986953922,10.188479679676067,11.029520574965943,4.983763636262522,3.4647120414139105,-19.191227715459544,8.65318420466828,-17.81988306657313,-18.833339352304414,-7.682646953443626,1.9237788216380278,-0.06807751782189976,-5.019819540288314,5.428961346805767,1.320196938678217,-17.993187389862143,-16.948831743315647,-1.0
20.0,-11.302779758271432,12.264939857722844,-12.101657664432654,-13.110199338741104,-5.3514554217863335,1.2924702215865855,-1.9159702510873116,-8.033092003186328,9.008157321334261,8.455783319820945,-8.995313028310074,12.841218575936606,-11.160462520684714,-10.543187625455316,4.615935170045305,0.9686773094692595,9.314283628853378,10.430466669635454,4.375019380833997,2.7003719325619167,-19.551939115250697,9.21184480458983,-18.255398413200503,-19.22759689630299,-8.155421275978183,1.390634875998031,-0.7602224425352166,-5.842564467215686,3.9790576697011617,1.1190624110840803,-18.02820770568922,-17.051462727821708,-1.0
20.0,-8.917902930027932,8.586098076042514,-9.518583819335456,-10.315185197571719,-4.424062108562391,-0.03738299611939192,-2.486357834320962,-6.822457057640509,6.926119685641307,4.967949490474139,-7.077302390051244,8.743208006584023,-8.602933936846336,-8.151547452313235,3.2525483968050564,0.03618617562590353,6.09630483767962,7.171964664074133,2.9985451364347298,1.6198527777414953,-14.940432040059736,6.476879242238495,-14.34603801209753,-14.472764246672906,-6.498527558699191,0.31446282938326336,-1.703663356880658,-5.002939914827494,3.078383046007001,0.3625981685113074,-14.589300168750949,-14.062033523854405,1.0
20.0,-4.690674603288402,12.116282139216713,-5.058412110362214,-6.557662258756896,-6.989992813623481,0.22645472219190002,0.054584429816857294,-4.2167871588462384,7.114820453483309,3.466490356440796,-4.4305916379830785,10.833939223410209,-6.576144223233772,-5.154925728577114,3.0643101661045753,-0.6235997933434888,7.305920186448171,10.206446119409884,3.145156254595605,0.6181469938866925,-11.921072613210082,6.938134498809331,-11.71353770655673,-12.339433733793587,-11.126301971447422,-1.164597586618097,-1.6597205477058306,-4.026658275853028,1.3483024576665255,-2.83692562867951,-16.34403693480011,-16.78758837796468,-1.0
20.0,-7.670074376136894,8.206239375069071,-7.792812102285047,-9.043521367584013,-3.2808366954562227,1.8929369389916897,-0.43603253856841057,-4.865273462605395,8.191211914313174,6.93946865699586,-5.248973670241802,9.465449358129737,-6.6942465727019655,-6.474931185478652,4.379935297748777,1.5424774747533172,7.888621297863187,9.035874562611975,4.3129888310898625,3.1460582511307056,-13.534563647404067,4.943113463738573,-12.852893386644547,-13.381957510298092,-6.412487178620762,0.5533826245671969,-0.6569674120504114,-3.522371670256158,3.2614228322639844,0.5529510286387093,-14.51574555676471,-14.005649425463163,1.0
20.0,1.4388106844963053,19.576798623880627,16.019428937051195,-17.366066363254966,-16.460353533736466,3.1813577800624384,0.10045424826180428,-10.234329153602486,9.40193142986813,16.910031767339735,-10.04666097500841,19.864219146910106,-19.94394849377875,3.4275131794337588,3.9705240493208924,-14.607390063914417,17.85759433144544,19.18717478105755,0.10230428529578395,-6.416071411859558,-20.0,8.516535653563906,-19.858084409914063,-20.0,-18.324184662767788,6.311447866470327,-6.188544603845159,-8.31894146880507,3.6276311030526958,-2.548362145190391,-19.958428608964777,-19.99877140611595,-1.0
20.0,-8.698158456088434,12.321657198918027,-8.946300911617719,-10.33738823360441,-7.476086688851301,-1.8133316134052342,-2.43430656551782,-7.53923877995937,7.611242844529989,3.9591013448615913,-7.094629979384179,12.146422883785508,-9.001404497277983,-8.289176735124167,3.835203130697537,-0.7665026590158436,7.53555337937806,10.570321785886161,3.5909423875609097,0.8123821175493561,-16.126645018695392,7.39377624379435,-15.904793793670795,-16.601680915517736,-10.86459820507948,-2.6499620675046605,-4.367818375572924,-6.588057856456746,1.6411875378427143,-2.411359424983036,-17.718149146516076,-17.44761305292338,-1.0
20.0,-8.386192389295841,10.909418041497995,-8.592355565609946,-10.059441702031625,-4.82682409603622,2.4399346256520404,0.06536499012084568,-5.395285421360612,9.515178010518225,7.930659555792538,-6.364730062625925,11.568342578488183,-8.21731556255655,-7.661730994148976,4.842063410822604,1.6090845359368613,10.194196547077032,11.523312896583164,4.796674539449193,3.1407899376685346,-15.571358589424191,6.530784719286279,-15.120834568388496,-16.0579404082898,-8.61104187938664,1.3375887195852458,-0.20517620949977894,-4.104226516351164,3.309457923911237,-0.1111010606987077,-17.16553932988761,-16.583182263009963,-1.0
20.0,-10.419585554606995,11.488097166732132,-11.056226853870148,-12.107079696235036,-5.863248348907287,0.5806809768405413,-2.328101826239,-7.918287893836442,8.262165039386238,7.3358831922484296,-8.51435037885026,11.032040285911382,-10.661180727115436,-9.836008815535799,4.003286008439824,0.13664284910834656,8.445536101501768,9.764493010188497,3.6858126599538927,1.8330198354952152,-18.196573535447556,7.42684691475872,-17.262762042925655,-17.975228049708402,-8.633201152271905,0.31210000515644387,-1.5280705702164465,-6.0290512910370735,3.0710487125720043,-0.2546233700769003,-17.371176884924807,-16.67827623439637,-1.0
20.0,-11.228352085358386,11.893035984233562,-12.175101872422985,-13.076063454704466,-6.370805861161447,-1.5347662215994917,-3.1558558843223454,-8.99793218889585,7.73700530062115,6.483665499112854,-9.136710449878727,12.408287080532057,-11.380647844804939,-10.638688478353755,4.206313703042044,-0.15642245110046227,7.715182419388124,9.832884169461353,3.6847441189271986,1.6209361206655573,-19.936785716276773,8.724742832474977,-18.350158337050107,-19.165104621149194,-9.026928281007612,-1.1660169445716921,-3.585275157293973,-7.088871718482571,2.6266383784794134,-0.5922983361049062,-17.675592639445295,-16.908975562592737,-1.0
20.0,-7.753114960002459,10.312080830768062,-7.992597456585499,-9.349032129726961,-5.336487998416675,1.6360397833382725,-0.5694374503768502,-5.520613880867815,8.292381840701514,6.444777468690639,-6.193921421678359,10.490044257925543,-8.281859784874532,-7.379507360808626,3.927043565209691,0.48142545148884636,7.944183674822264,10.352831865022019,3.8064573906249355,2.0332006156341977,-15.2032428704658,6.207118044933171,-14.340786709209327,-15.041109766304345,-8.846742841108199,0.2992076588660651,-0.877746738957785,-4.280506935304757,2.655304384487264,-0.7214683116838544,-16.484655834104608,-16.205405185203027,-1.0
20.0,-11.13538552827356,12.304222572910671,-11.839069081068992,-13.029062206773267,-6.618288683330576,-1.7398079212323512,-3.0718010720636757,-8.917717745100957,8.043603460372765,5.507212713661114,-8.768646274221139,13.166545080578345,-10.948383924923052,-10.377539795606308,4.644137293891558,-0.03872731173816453,8.835705628187636,10.56440605602219,4.1620197597673805,1.74959839465449,-19.65638280746007,7.8100389818745635,-18.539066856954495,-19.324742566492482,-9.602693651387266,-1.8675484126583193,-3.890584622500708,-7.333624144322706,2.3424610826253622,-1.0714651060442426,-18.08731232189525,-17.31352002153165,-1.0
20.0,-6.900765358971046,10.45133337838652,-7.362738709561521,-8.595098723576534,-6.856155058770578,-1.367863909909358,-1.720818398841214,-6.152807814100594,6.357090902811948,3.6264513986702274,-6.395991047990135,9.209181502956035,-8.552043631817966,-7.276888149261298,2.3623393120215543,-1.3561754486689324,5.582064681011053,7.649234840167639,2.439766331190906,0.14050383874296235,-13.642187108721878,6.403324228366414,-13.544003118117015,-14.074631422023291,-10.019434682329432,-1.1043219005569875,-2.7442188718021914,-5.082646972429046,1.821490402792143,-1.9625493000119125,-15.422363502798069,-15.830474135229112,-1.0
20.0,-9.606901799653023,11.960440471077234,-9.740640373731582,-11.324591087557133,-3.8869004763205464,3.2839686209670904,0.43487555128082384,-5.573543175247643,10.428972732268589,9.294047183532502,-6.790840986038284,13.482368167846465,-7.4620834580483715,-8.444833936495892,5.7754229559808845,2.5980376205529243,11.368872867769976,12.375252494689565,6.1213126036120205,4.373493818722265,-17.25840481895984,7.132880926184459,-16.446236945696484,-17.63541739571792,-8.009083227923183,2.149649668719337,-0.5567369194295493,-3.96770732080575,5.066044420370739,0.7956859035491499,-18.20227656380835,-17.276972882865433,-1.0
20.0,-10.099525111756783,11.528367489175164,-10.419680411322586,-11.877957282753245,-3.0390952309951453,3.091975152281035,0.0599606813240361,-6.082748131999916,10.258310656012421,9.451977895456967,-7.478601793553798,12.73881154482625,-8.911471567895127,-9.055215988686125,5.55233897773427,2.4341104671607754,10.896683894168271,11.796940466259906,5.630521894955219,4.248773130849192,-17.96221131582771,7.081564285923469,-16.92275502474381,-18.042672725024474,-7.561550328815771,2.301083156174419,0.5399136985964048,-4.134224546242926,4.481887085493982,1.8274714293806482,-17.956878840356808,-16.963777655539662,-1.0
20.0,-3.2620848754635245,11.58438946397617,-3.602056007037479,-4.698226305666413,-7.310702705481217,-0.5020086502672699,0.32415637880109266,-3.2791809505277993,5.67355284051164,2.645160748714425,-3.753331188876413,9.584927126901901,-6.134987958321121,-4.118536481100276,1.9582481826898588,-1.6744141729078525,6.074216647323056,8.518648121085258,1.746959172202034,-0.33205944809147,-10.05332681862352,6.57380484101289,-9.863832219960798,-10.590440209314602,-11.439112033303077,-1.3520310583838921,-1.705514241252512,-3.3987349495676162,0.6292792861295714,-3.147123569229798,-13.987936565019439,-14.641513838090429,-1.0
20.0,-10.94810282730014,7.91248190387504,-10.917425265588966,-11.858535493176156,-3.454183589155011,0.5876685385085516,-2.584691288894258,-7.3752259434803396,7.452901838327494,7.402116868983761,-8.292453950787118,8.755822881605868,-9.224896747868668,-9.147711947017424,3.8715911484578025,0.7105830694422235,6.53838264674827,7.320055172998096,3.5777865573172227,2.5128815128564326,-16.195944442666992,6.049770889229903,-16.587685337074536,-16.308880679835198,-5.352700269169426,0.24818143447584007,-1.4021335961946149,-5.119984760243031,3.8420581882104163,1.468923033690521,-14.588586470316523,-13.764789280896924,1.0
20.0,-7.610279675270054,9.892327129700437,-7.817961081902394,-9.162099243174199,-5.392073461158537,1.629260077766827,-0.6296472196779301,-5.440087235984744,8.567126925649688,6.774838683206235,-6.545804660953237,9.227601968077728,-8.70927032583498,-7.500684462384865,3.015103667836572,0.06573536275489814,6.8035138342095065,8.268762569744807,3.356318621292732,1.5088439035892653,-14.248981817537263,6.2521175954636625,-13.775299029777006,-14.602777240168523,-8.588111718559784,0.948535043562577,-0.538467101515476,-3.958877266336798,4.549828024797292,0.5914027437921843,-16.066387717163053,-15.904120693961753,-1.0
20.0,-11.103129686541898,11.99811568699237,-11.84553888837488,-12.914502088941557,-6.939442720258039,-2.3325585278653125,-3.631787333972091,-9.29079281143242,6.799513386765862,5.197155937485825,-8.927808759587995,12.662624388965627,-10.272473717020873,-10.480780410230942,4.245972962574565,-0.6088520017044216,7.241094191174761,9.992009501900812,3.551216942433103,1.2296485228837246,-19.99894051922253,7.561030541891112,-18.648975176163088,-19.20579724764582,-9.71990358763734,-2.2429403934812857,-4.336365604841721,-7.883150249029656,2.0344707375784643,-1.3180074879006132,-17.679551234518915,-17.00378562877352,-1.0
20.0,-5.329821977819894,11.604101212991264,-5.512860273516136,-6.898741855975722,-6.812228067194911,-0.29273279875507835,-0.3294965023044124,-4.5179136765670815,6.18714346357183,3.382642729889906,-4.843948712900369,10.122001949298143,-7.116167221952815,-5.668209753354739,2.9024865120318517,-0.7919341409884993,7.542120849933887,9.458607409691934,2.7346031936123962,0.633304550771584,-12.178868390217104,6.668863848441459,-11.850121078687767,-12.526665557498047,-10.630510252338908,-0.6785794942243152,-1.6188822742854416,-4.21607639416279,1.314374608879661,-2.453847933828109,-14.497797243624573,-14.8800562513732,-1.0
20.0,-7.791724027575257,10.818495818735494,-7.9362730193417725,-9.312800367225101,-4.405763897413423,2.628083213919645,0.23382603289243928,-4.877356142646044,9.299066413142063,7.820828561802414,-6.273024723837113,10.31541318908928,-8.259311957947332,-7.4044529472872656,3.862065918774046,1.1912669317302165,8.465487098718164,9.79165838571329,4.021072920919129,2.7016285750142814,-15.297897450219383,6.676430280278454,-14.0869883878336,-14.949969488224855,-7.908912009457883,1.7587796279753958,0.202345097391097,-3.410142801577331,3.465320125391591,1.363997634486302,-15.754844752550865,-15.505668647650394,-1.0
20.0,-14.682723214076677,12.569994821202016,-11.02213959146006,-15.332828588442034,-4.178515188940281,2.5388213415966643,-0.858725462899719,-7.803349676860148,10.532555706874346,10.30029141404185,-9.4217648252449,13.896500649855987,-11.111221053447071,-11.524443435854865,7.0900687185042175,4.351750809817015,11.325800977398636,11.88973878341579,7.209720989604318,6.026737332115713,-20.0,9.292426572370923,-19.999999585506377,-20.0,-7.42072878017244,2.8066870105779134,0.5610439371327641,-5.214480510648676,6.103319505576384,3.429826979025634,-18.788124282067407,-17.468396282188692,-1.0
20.0,-4.664598399931568,12.655343838658496,-4.9207642378361625,-6.350205100156977,-6.475789783815671,2.140305157781902,1.0398915017585144,-3.64791819773975,8.506377995618331,4.051402600094082,-3.7743789075638667,12.415035417156197,-4.625576761318257,-4.793283304082765,4.142508218626916,0.6290264257340541,10.135224139176788,12.217586683907804,4.201561823945567,1.9010907659617666,-12.160549013414293,7.187630038781522,-11.631586097093258,-12.693227545896102,-11.161003968162921,-0.20792066856665012,-1.0185608811267324,-3.4469167656888873,1.6176953410003376,-2.573753585180837,-16.66016544003742,-16.983123819201964,-1.0
20.0,-8.302542987677278,12.895279934726604,-8.712008211969856,-10.113955798799982,-6.9822165920446935,-0.32662992151763665,-1.5642491229372149,-6.848094458997448,8.17792125542255,4.56892124097667,-6.516191596978584,13.57589253300837,-7.3059425281027215,-7.879517476197682,4.535715010102322,0.16086241543358648,9.187426145774708,11.497101098475127,4.137045127620599,1.6816050895208188,-16.075477313401993,8.849892260035764,-15.949783080334154,-16.543606771842466,-10.700425349622995,-2.1021254587036626,-3.75186252227641,-5.985931291511478,1.7495856204017086,-2.103509945995921,-18.020567750470253,-17.642526499936952,-1.0
20.0,-11.725452820065033,8.815196568076065,-11.417256805705069,-13.042120031535687,-3.930602572781327,0.19099201339600702,-2.986961635542042,-8.081207650838211,7.403990885619223,6.459568478937259,-7.904723577032185,9.995740567231245,-9.083761819786574,-9.600150443260986,5.396642521326179,0.8977294269384505,7.117887655662946,8.158008985392096,4.653275677642365,2.8168936130985145,-17.905273235354855,6.720877491799477,-17.337655197407052,-18.10153094498545,-6.104328089716379,-0.5146133302386873,-2.775395116982197,-6.567700687108585,3.184256502630704,0.945568121389676,-15.225201966680832,-14.298960003951256,1.0
20.0,-7.950474654802249,11.516957745694585,-7.9874651089920565,-9.492001469627487,-4.939170691568252,2.2878755929763894,0.0733824938850797,-5.312550145316911,9.31560899113966,7.543492002933867,-6.108047928644319,11.488042686739973,-8.174613178371569,-7.353975414109881,4.323499383986433,1.0478762164743667,8.995570440774305,11.033013146698588,4.353823144978602,2.5834865456108114,-14.922282478818897,7.057391488129792,-14.504031098168918,-15.48100306537247,-8.739755981450816,1.0645383028659214,-0.4319471141363739,-3.919625706687033,3.1024563590633174,-0.3775724333909956,-17.173310847845492,-16.6887177253967,-1.0
20.0,-4.783815356721309,10.92826441689459,-5.141232522143343,-6.596595095221974,-5.990534708971596,0.23330235625121923,0.2489963077930017,-3.8231275332296564,7.000532546248481,4.977955986737581,-4.307256004769796,10.48235615153897,-5.687195164858101,-5.057973760834268,3.232055393320909,-0.5287680565006191,7.164528460251617,10.320396194752844,3.0986476329883597,0.8995065813060014,-11.749337632061495,6.252008673892339,-11.521242407316382,-12.27292070155668,-10.331017262493573,-1.250450437666667,-2.3320942287226516,-3.7479586431633325,1.4033435128442093,-2.4056210096593995,-15.19496696392147,-15.773580682983216,-1.0
20.0,-9.7221086754906,8.525766294520096,-10.88241937209359,-11.184495971380231,-2.6433208707026816,2.251439734506282,-0.7025343956447031,-5.68832335738731,8.867850881727348,8.384046931960679,-6.308406024357198,10.331469168318634,-6.8525960498445535,-7.904631015957266,6.222516830758233,2.7275613062286967,8.75007737538818,9.578982695483067,6.212113929554818,4.667491722706294,-16.387840971126646,6.166628040938587,-15.2760024093715,-16.047649920020007,-5.632030799331549,0.6166930364243197,-1.2033535703782625,-3.9951785776891238,4.129625312444518,1.575933645620119,-15.381475952797492,-14.44689843291186,1.0
20.0,-8.955066212655757,13.54003883211505,-9.22924472156447,-10.556175990836792,-6.913924364741315,0.631322263692945,-1.465361706395972,-7.024559752226172,8.54331096507897,4.997685520117657,-6.859535761101269,14.236402806082726,-7.538664641363179,-8.242421774635723,4.803774299187489,0.45612974655470695,9.887894021233416,11.866232170459948,4.473314175881041,1.9866982435217957,-16.739363938809277,9.501768281321205,-16.325235136358142,-17.292405853304533,-10.645778162094455,-1.5015931210765325,-2.6335802643304502,-6.083169002935696,1.9913424112905262,-1.8722904879582194,-18.508347540947494,-17.99254181273898,-1.0
20.0,-11.299594105822127,11.980809372757523,-12.471500423584674,-13.243711250808026,-6.60837706122765,-1.8872181085885271,-3.3369109846751237,-9.216171844376728,7.857788513096029,5.48944132632701,-9.230950389875186,12.390331259041437,-11.512254347321477,-10.751313788275038,4.193294563298705,-0.32729107667577967,7.503739290752037,9.88209135993568,3.68968611673544,1.4696800302728747,-19.999162733605836,8.027239651205909,-18.572055153104355,-19.364113329824217,-9.261981973440644,-1.6759767399135663,-3.822319147557274,-7.371665489822729,2.5499667358187716,-0.7857842411057429,-17.894244750719686,-17.135136357614137,-1.0
20.0,-1.9717502647160396,10.528197241587558,-1.9288031895060809,-3.6421517227647913,-2.3349083456052573,5.66911818196761,5.112459087155235,0.5612336880899049,10.629831933072017,6.8725358875672615,-0.9792513096268094,12.094478238189614,-1.6050928673128004,-1.7734776702400732,6.805965712797691,2.735037885116952,12.377081973301893,14.206148503728791,5.286525458714178,4.011876942561806,-9.18166582275292,5.739681800874032,-8.756901002490679,-9.712725598114234,-9.763427371782841,1.6529087030689964,1.5011704060642617,0.15773668888383735,2.370500385986933,-1.3088768384035037,-14.90806203485608,-15.250151645874446,-1.0
8.425239939596166,0.7697038483434496,4.353950624426499,1.2810207317500721,-0.5062544559585547,-3.614971361795125,-0.2624707721893447,0.29809952690517577,-1.6687324507949253,1.1036194189931452,2.033274449973356,-0.5312203005847361,2.941175598307166,-3.0936759589925575,0.5118259681228918,0.3315705907072298,-3.553285210153844,2.43764498362296,3.0899739359704546,-1.344354492228014,-2.1363195526072225,-3.253788692208749,1.8678781403616092,-2.475313528501421,-2.27748481259304,-4.943099863270793,0.43949029990992955,-0.8141351117470575,-1.4331397471076104,-0.011574332296632994,-1.2222866761474203,-1.3551812145994138,-3.789958856877149,-1.0
19.99999999999999,-2.1934620509571947,6.303378410412787,-2.322403767062958,-3.7312215510865543,-4.072707427995276,-0.3490878035866907,-0.014487834548784816,-2.0494065004190256,4.504348764220923,3.622715696009791,-3.1101317439711615,5.534265796511104,-5.5257664287855395,-3.208252078904232,0.6322545809431155,-2.8309633239444882,3.8074042618632533,5.886159289057315,-0.6174129233434932,-1.0665460893621344,-7.966063094633109,3.099690344882472,-7.493553241995343,-7.674200199111049,-7.559915814498288,-0.5221776339220423,-1.7033766015146066,-1.8337188265892377,0.19146023965793343,-0.7211689999725616,-8.755276764892375,-9.722741903223865,-1.0
18.314864190996584,0.45347188857359777,8.408602753873048,0.753239202684004,-0.73336168816693,-4.6984028397578275,-0.2987521476570913,1.265408688046255,-0.7164091614931003,3.2559433385955274,1.7665067150784766,-1.8425709471828273,6.415367969749892,-4.289155444198706,-1.2092330166467797,-0.2923069411526639,-3.368847313046521,3.600349752166118,5.166980719355594,-1.5170391336604077,-2.2738925738020352,-5.054351307734997,5.2303682270872995,-4.2369955569307,-4.579107205103764,-8.083834326547386,-0.5497576961335694,-1.0112017800507926,-0.825507756694565,-0.5325588980329565,-1.955959278465116,-5.9114890765825425,-7.2115775534427,-1.0
12.622767462003301,0.9637720320831953,2.113120082625304,1.8223435008304154,0.08970602734487859,-3.1967304343126597,-0.2917926183090838,0.6176637483188289,-0.37318724803015524,1.3733691427518184,1.5856205712556162,-1.483009386476339,1.1874213747142346,-4.069376124178439,-0.2630303247114983,-1.269524024507905,-4.628086256274075,1.708956165370741,2.612656548026121,-2.5454267284679277,-3.0137488114029787,-3.0777338440750452,-0.17697579922875345,-2.279306665694023,-2.01083769507914,-5.054263295274549,0.11601691871279877,-0.6794788964566499,0.1484114497674954,-0.2574054571679319,-1.213897015997208,-2.7495840511256584,-4.644604532461127,-1.0
15.300680528603975,1.4221041060101622,2.4231288193844507,0.708911437693939,0.13754515051972804,-1.9120285647970603,2.4709478933179385,3.319425498328699,1.2130744058645682,4.31318781777689,3.0643461638907556,-1.1040238197719896,1.692419517345051,-2.802965303381526,-0.5535549561995035,-0.4145718514721198,-1.5666283082028434,4.749003151976776,4.777610224354311,-0.4597013705603091,-0.8958089386822461,-3.2561456517562117,0.2289096392017694,-2.225356256324656,-2.558779528804832,-4.693742121638024,1.4417450264283564,2.1238836594029746,2.31927695364087,2.0759975581506267,-0.5244534664429241,-5.202501503403117,-6.456281044473058,1.0
20.0,-5.265637511196718,7.32283243451759,-6.2613742825122545,-6.376910139608655,-3.2409959253352336,1.3004580202884237,-0.3245321011061345,-3.495497383640165,5.33918237686503,5.463285047732399,-4.597051701386972,6.814368478806701,-6.351660703166766,-5.186764971878578,2.0270503526829478,-0.5787698249453737,5.014421961605745,5.163183190764814,1.1906362758271083,1.082779711305096,-10.604718691967944,5.216822545596131,-9.514588891364415,-9.831619452900869,-5.290377873584397,0.8021660710298014,-0.3729915866544608,-2.343128190058678,2.172553258721764,1.4988967396328883,-10.20740057819972,-10.253677336953638,1.0
20.0,-6.105841200439525,11.7236785786256,-6.485862824725416,-7.7978533412924085,-6.026937604331654,1.7588474598099695,0.1286575431967225,-4.522979367044046,8.42851345975589,5.320259323808039,-4.966506622087358,11.70526887362962,-5.790412739432078,-5.907187288698869,4.051567808669039,0.49057130023379164,8.695482378784014,11.338192695420412,4.004350287345414,1.8699094953143562,-13.2967523069373,6.673713336586156,-12.919338773645764,-13.854385325743095,-10.107035557444394,-0.5169794138769765,-1.4406677346066117,-4.017690497625873,2.0179414584400015,-1.7473466418328012,-16.66515821723156,-16.648597635707894,-1.0
20.0,5.770313715706764,19.999777444006877,-14.812950156969652,16.76882839597387,-19.99032786436516,13.683299841424853,6.509389416791712,-8.628421838558745,14.78114654263667,19.99977809699031,-9.663800054209661,19.999928257657185,-19.99996427931913,9.412456963237679,3.7976054121885636,-19.989088067282246,19.999841614492126,19.99984903997055,-4.385427471054898,-12.727272661171035,-20.0,8.891546149296365,-19.9421965976114,-20.0,-19.99856038265162,10.298166075269915,-3.1299180926641683,-5.037538535768081,7.765066927215156,0.09505071925861924,-19.999982610171557,-19.999999403818293,-1.0
20.0,-9.78256396003245,12.168147266820421,-9.941048198887152,-11.498187259103753,-4.613850499447415,2.7716398013883836,-0.1261261404733931,-6.233808845027126,10.140215091427647,8.904076718597327,-7.345098532131025,13.276914005912335,-8.987176672735952,-8.864399517248488,5.242024742144307,2.0988389191443897,10.851542792249818,11.89090954055505,5.620048283994753,3.658282307847289,-17.425507779888093,8.314581856782803,-16.72699859258152,-17.838552837485086,-8.314454476159801,1.9260285219097488,0.16475840043327655,-4.374421047815568,5.33836226757672,0.5439959431500456,-18.309249503547164,-17.405302008290036,-1.0
20.0,-11.503304808931425,11.608822537273458,-12.845201152734308,-13.613431272358486,-5.435655761244164,0.9084144901005762,-2.394996485440141,-8.44745775385728,8.719873877552125,8.249981605909278,-9.230181559143624,12.203804807532086,-11.35181990221159,-10.800486993980964,4.580373693022644,0.6510309989210936,8.85977110190707,10.12138717736924,4.369564617166443,2.481764637747692,-20.0,7.541139953028718,-18.62774293414421,-19.574475465538693,-8.149602905827152,1.0300448021952398,-1.319259823940843,-6.233066803697862,3.932039576507918,0.6477999543384885,-17.793459897837156,-16.843940017659907,-1.0
20.0,-9.319015852926212,11.151585851048473,-9.575708251672937,-10.90415924253374,-5.515802090753106,0.8453081017177719,-1.5152843583908955,-6.869244284905779,8.494029007012932,7.246660143030182,-7.469667666547015,10.730745419844586,-9.623703342906023,-8.805147673485873,3.81392392970806,0.29764804965780256,7.586336596140936,9.465081786551142,3.761692497475996,1.941121995771097,-16.611613306369467,6.93961528666686,-15.843206653304323,-16.56350168355967,-8.557720079011395,0.6341807668684826,-1.4058729400175578,-5.182679987989504,3.0678123045522088,0.11922403383413169,-16.822794186900925,-16.27224913658909,-1.0
20.0,-7.79883486284031,12.245667618203573,-7.87691555152515,-9.418401334386674,-5.669549754385223,1.6288531095671859,-0.36749206388791705,-5.418472594558903,9.038158191614036,6.9529596597854395,-5.724391216029316,13.279410993497025,-6.49679091673094,-7.091314450291613,4.818474026445169,0.985762025386449,9.953453877566051,11.815684887305132,4.579014090552618,2.53227415310463,-15.16862688120388,7.367265116002338,-14.720041733239897,-15.731196244769183,-9.730870767073876,-0.35054121213375133,-2.626015284498136,-4.666094262783069,2.349261861450984,-1.2582726387798124,-17.49381032007723,-17.065242826734096,-1.0
20.0,-8.180112473777658,12.582558144055596,-8.377164225498523,-9.864202500957038,-4.995362450687222,2.982525045793169,0.6275462091776328,-5.006339115801215,10.041881131201128,8.184730198191874,-5.813984452546871,14.005772835215245,-6.371498718797976,-7.2491327824840095,5.605133629601943,2.2055956914574413,11.436882388540015,12.857375065897203,5.6109006646471835,3.6969187303045703,-15.883142987850414,7.707144937209571,-15.339725766399962,-16.26628232971957,-9.317035039957391,1.207394864248284,-0.1460083803365598,-4.076244427860799,3.07178145444395,-0.46426671145998244,-18.11622496963881,-17.463674127857058,-1.0
20.0,-5.244733336408068,11.600131484862327,-5.710917831794428,-6.921404140850802,-6.793022885800462,0.16553705321391413,0.0259657337747512,-4.367548559156389,7.316136871722468,3.821008031589678,-4.350948213753961,11.529557646100296,-5.619314058999387,-5.355675424982401,3.80539989357625,-0.0916634943942036,9.155942241029194,11.45606032350212,3.6833712719684404,1.2360979694482928,-12.589412275850112,6.439274501470824,-12.307276776974314,-13.09075326458333,-11.084720205772287,-1.8173525994317952,-2.121405571077502,-4.273609717518381,1.3389364220322653,-2.7569482899732187,-16.35427415695642,-16.745530364881613,-1.0
20.0,-11.82881653424084,12.534287134894091,-13.800668133099787,-14.353659152281532,-7.268992106906415,-2.709790291946442,-4.459814905265251,-10.705305436480884,6.935424945780116,5.062285022628671,-10.027081153674283,13.027086624637942,-12.095591842036011,-11.67880377178681,4.246705797317047,-0.8189755725744124,7.2052510614859875,9.86736712281843,3.487587495454609,1.0285897788847158,-19.999999999999655,9.201254670197367,-19.989538120592073,-19.999999996521368,-9.843706467059894,-2.3632029963612564,-4.552149099574541,-9.121120885538117,2.0815231484633268,-1.3326787803795261,-18.25345749670981,-17.444657949423146,-1.0
20.0,-9.883340236125848,12.362434052012885,-10.314694841218751,-11.528400947224394,-7.262885170850542,-2.115575485944773,-3.0895978839178064,-8.4241761352532,7.336569775541278,4.496384711443119,-8.005772535841114,12.815801286732531,-10.022735091338555,-9.377168353719275,4.084630429049856,-0.634133308215384,7.56510717856986,10.311465914392251,3.5459659386699194,1.0030347553117487,-17.73343895298697,8.339364919778216,-17.24271144722722,-17.86326001577569,-10.355251681095178,-2.4782660747181113,-4.323005990394444,-7.147595986148897,1.778895756521407,-1.889956818327772,-17.79018247595891,-17.311289308116237,-1.0
20.0,-3.4808223682304047,10.73717130159074,-3.5799943646052967,-4.904930797467032,-5.467557421675256,1.401913838359138,1.5021358196392889,-2.2832078352950655,7.176801925754723,5.254149193212006,-3.7949232736890064,9.044606701545906,-6.071137039438549,-4.2254538008306195,2.174921716203688,-0.7420842163425193,6.6428337864953155,8.480313875767543,2.3048044233377882,0.5795892972899617,-10.049110611485728,6.3134421619177505,-9.666360323872354,-10.314932754759,-9.670385090112783,0.4000114974565295,-0.18711982889284176,-1.9399625245140866,1.8787766099363836,-0.9205739907189555,-14.285841795288619,-14.902789430538453,-1.0
20.0,-16.816046925142253,20.0,16.816046925142253,-5.322422001561881,-20.0,20.0,20.0,-6.298937880867899,20.0,20.0,-4.306904693537166,20.0,-20.0,9.115432260445898,-6.172960988241903,-20.0,20.0,20.0,-20.0,-20.0,-20.0,4.71940898114602,-20.0,-14.676638957874156,-20.0,20.0,-0.5758861608650718,3.610949784073852,9.598173321453174,0.9975474641841386,-20.0,-20.0,1.0
20.0,-5.135257317973766,11.078158543276315,-5.490772067326462,-6.672141093016897,-6.667944715859111,-0.12114190290056288,-0.06410732625029458,-4.317839784225175,6.745432557152218,4.06949593127462,-4.312560756693991,11.1642190060317,-5.758283769634774,-5.248834168473186,3.642202235914086,-0.2877803209695672,8.099338865503515,11.12081849681485,3.4218830827700537,1.128267633501146,-12.318914134879057,6.179037537988569,-12.076830088507505,-12.746524276891767,-10.967343614142237,-2.0393933040072194,-2.6745005258720336,-4.219219519749065,1.185775151540346,-2.7560582703109704,-15.195804331621432,-15.708789020769087,-1.0
20.0,-8.911587990104715,12.482781687106645,-9.017944689257268,-10.590805461217911,-6.243242631118588,0.9163897314164977,-1.1340552324929474,-6.709726438233993,8.823829764853796,5.709064460209909,-6.497651318308038,13.761393804850098,-7.22675757192225,-8.011919329476958,5.176839994628814,0.8234879564015635,10.099415942317016,12.029390731688675,5.014124969223425,2.4271002926455685,-16.625615362048983,7.142768504986641,-16.33241855756759,-17.02381338499765,-10.17413848001759,-1.721164440720781,-3.3314479049558203,-5.743521495458581,2.1785796883715416,-1.5565513540747076,-18.13660171549646,-17.60221994559071,-1.0
20.0,-9.684023784585595,11.54080100997118,-9.943053711877255,-11.353516972815664,-5.346333181589505,1.4677410924067462,-1.307612819846202,-6.887611635716567,8.865861804471324,7.70631211858385,-7.513355977109136,12.00383877756422,-9.65438616063526,-8.880352739617914,4.639264121599203,0.9527962315802577,9.523284626140784,10.79649043184059,4.364949796497323,2.6091880869583473,-17.437836528212195,7.121656357957892,-16.570095908269046,-17.334821135476382,-8.692729578942814,0.7761963575616041,-1.0217058768116216,-5.264046996142276,3.0504003803835924,-0.1927496230038515,-17.277356343891896,-16.585451734375987,-1.0
20.0,-4.835579984940475,9.143274468489569,-4.977702092887782,-6.419036352088377,-4.0231856546690805,2.50424410573002,1.0276412322276196,-2.813161580724184,8.590380142071162,5.657842285183995,-3.180172732754971,10.04733475814525,-4.396351039807274,-4.07906273383067,4.112797508098907,1.5205366043401136,8.506610092844625,10.120599417807883,4.472229976474724,2.7906924856286675,-10.589649794187492,5.364033494330452,-10.167323866477416,-10.839016067282788,-7.868647929617572,0.3856209498957859,-0.6017444430665512,-2.3941603814746073,2.835860518158094,-0.6909113595965596,-15.252247579757505,-15.149871845321718,1.0
20.0,-10.298070558908469,8.637589458688412,-11.70483024689857,-12.03905940698823,-5.614491294553228,-3.008867659483094,-4.759815451492778,-9.186283115899888,5.297822234263054,3.9855960023689594,-8.210870025262553,8.96509394493362,-10.037517829024187,-9.479084689973758,3.1430075945384175,-1.313131801545826,4.426003818862971,6.600483517790546,2.4291310752580677,0.5707221074624056,-16.89751215781845,6.547820440501977,-16.534817753889694,-16.170597197071086,-7.366209892163616,-2.2514746690236107,-4.4475228155844455,-7.705117015615132,2.0277789117393366,-0.7512444849167786,-14.628803354832808,-14.120977236737165,1.0
20.0,-7.176972393713969,8.914789766844512,-7.559477721200464,-8.632023283473483,-4.174991315949017,1.3983100835945244,-0.744622739436482,-5.115676612977352,8.001992053960885,5.049929900530393,-4.878728106274097,10.044679556258414,-6.5408856559104205,-6.1976881672310595,4.312077926918223,1.2225360332834938,7.916107899752418,9.377351677231475,4.603893445048607,2.683457835680378,-13.403356582703585,5.922834579653419,-12.626787749393472,-13.241795664584776,-7.463268541573079,-0.8284478970095149,-1.9866548336239465,-4.012095777525217,4.059411689635071,-0.3122263695639409,-15.204729197501221,-14.808451096134746,1.0
20.0,-1.2238289159873719,17.52286999437372,-18.209809235434715,11.182520333527444,-12.218717966818634,1.5818257892382808,-0.6018784695744022,-10.593039178448507,9.258066135125341,11.104890952428063,-9.693293930487787,18.912919124940675,-19.232653579847224,-5.998562569983212,4.730032016216541,-9.539522359023294,15.430812154706304,16.54433955882792,1.9405335024966528,-1.9825338356096636,-20.0,9.082216920291136,-19.999999997872177,-20.0,-16.79737820651618,4.309243269038626,-6.892801251039149,-9.811585822935395,2.322668212356664,-3.4409245107753104,-19.89802294649901,-19.98561850375457,-1.0
20.0,-7.428459786275054,12.614932301306585,-7.765476141348376,-9.202588368371543,-5.725706792746261,2.308014245195381,0.2271307226288631,-5.345909532941969,9.537472097253788,6.133176469811522,-5.823553356218396,12.928795509566216,-7.474260322219496,-7.045882725033829,4.58304461766793,1.182528440440276,10.225257884564275,12.015959159576052,4.836577361399208,2.5869706477569654,-15.021042257933704,8.258205123191424,-14.535617849318022,-15.607859626963625,-9.912007722691461,0.7332257614874814,-0.6886344167616225,-4.1609056707471685,4.413334427066823,-1.1045718878936752,-18.140056216417843,-17.70745244450057,-1.0
20.0,-10.11298493644762,12.305151786312127,-10.583287569678802,-11.805787663827566,-5.52252412666539,1.5702783495987322,-1.142249582514902,-7.097855854032185,9.25878871341163,7.694292813587415,-7.414784776617835,13.753457834345935,-8.104414632650489,-9.049521803348778,5.697505759225033,1.4002448461655868,10.436755156556147,11.949904512622274,5.635389253957337,3.163523284847953,-18.37388006875867,7.216710961229468,-17.32148648684288,-18.309857124474643,-9.213465567420002,-0.8763188356169572,-2.6927639053607297,-5.690592927257116,2.950851912829794,-0.5115836929927127,-18.23388684674897,-17.41281958291127,-1.0
