0.008067269686519028,0.05707294157287866,0.9001137111197915,0.8762288162610719,-0.42348183186014604,0.0041156191118152195,-1.8031479769981003,-0.8337348840963849,-0.41033945038230357,-0.709003288527903,-0.1955382432607001,-0.7971849869460028,-1.822306740964985,-1.12037579552664,-1.1290970736030763,-0.8260956186095354,-1.0753827180609288,-0.7035248378386688,-0.523030761884743,-0.6056518719109661,-0.7615863083082274,-1.8130001952732622,-2.169066870606284,-1.6909038304412765,-2.224135433377224,-1.917960753681109,-1.0686643189138094,0.24240075455311338,1.1371867984289559,0.9593156680296809,-0.1661093005801916,-0.9090232041630378,0.5992272846062262,1.0085855707938645,-0.13624468412999696,-0.611815512945066,1.1242439637457293,1.5243494067048822,1.1784426153654537,0.06672527999007165,-0.3490251270196341,-1.3309152025705466,-1.8069153422246105,-1.5888952828300034,-0.6032858776155532,-1.229766746259504,-1.4233080340388058,-1.5146294714314765,-0.7782573286274741,-1.5628851556923735,-1.3864332829201182,-0.5103753117473631,1.913401064707072,1.3479564984596868,-0.6311763088253511,0.9906838391827237,1.535972209068855,0.03404002365822331,1.0013515807818512,0.9476950367343885,1.0
0.023980240800907805,-0.019756054914928545,-0.4948690370553646,-0.9918020174597671,-1.1696912240886803,-0.7800969848049024,-0.5521974085777355,-0.31554797114222066,-0.6950609727335542,-1.0222755630205371,-1.1811737578599923,-0.8225365989913164,-0.7158937259997319,-0.5915400619769263,-0.3058313997218369,-0.5996507114011066,-0.6704492476725282,-0.6043507378979575,-0.7306874159313314,-0.25476559143862204,-0.20360657956360198,0.031120920111151407,0.16455210914839719,0.3606947796853986,0.7556730840969926,0.8565311968082989,1.2634660606168302,0.9598178661652008,0.2965373554856514,0.2706230221525564,0.48524498773210195,0.15455246709581386,-0.7134869519886406,-1.0488451611050107,-0.9572174645767384,-0.7269786172084024,-0.4709679333756697,-0.06227983373688048,-0.2834678028991968,-0.750098290095942,-0.8020281104542485,-0.19146597676600713,-0.21302507067879042,-0.29194970062389464,-0.08622447944280481,-0.7560999672220373,-0.10426063675517067,0.01657843780661389,-0.1547481066233937,-0.8753703039660289,-0.7382686467057131,-0.6684522020384072,-0.5194131331465676,-0.01675324571810114,-0.6250030013518081,0.36320031406641834,-0.6847393330744258,-0.3858635557191349,-0.5030312715961167,0.4586008065516529,1.0
-0.3793164220260787,-0.6109405718675466,-0.41627737749770105,-0.2944470329992435,-0.054205634763033236,-0.34305489284799934,0.02209174064026134,-0.047072157979399794,0.24053481086569492,0.4396176499286589,0.9554275030976965,0.8706596334739685,0.15093269783314633,-0.529104168842608,-1.0495642271593508,-1.114268269595031,-0.8120494262098618,-0.893391596697764,-1.1182047265595587,-1.5400249912806938,-1.7222388618827469,-1.3963741513157952,-0.8417549066005887,-0.3117580139304376,0.05618490009679296,0.25180917387604407,0.6739091652214959,0.8754672897885066,0.8401203605973462,1.4193169948846847,2.1053362743069046,2.2093468061038797,1.688932262250972,1.0865379978366418,1.0266481601777209,-0.0518761922878844,1.381633176520224,1.1256807824120005,1.2207031804392463,1.6950776833516723,1.649709967185105,1.014821414693443,1.6723997595114901,2.5,2.5,1.7519200846806906,2.0991933449454754,2.0201747706063697,2.376066485389398,1.4943676540915605,0.7395036661892177,0.35246581457095527,-0.7978970983120053,-0.07337581943690559,0.12753748212832516,0.16527122008024386,0.08402031605878314,-0.8964448653418045,-0.4929623693626232,-0.5553599893117045,-1.0
0.10253496507525925,-0.39348139094770157,-0.6704729709527265,-0.017172205680570644,0.2386708741175971,0.033660025721400144,-0.3006505408213884,-0.13219557585479563,-0.43792505912013147,-0.4124902888983931,0.1361387663469663,0.1170850219264632,-0.03375844929446858,-0.0750349314468594,-0.5577739350476619,-1.085528570570932,-0.5891944198854587,-0.8153091450475555,-0.7223487360794726,-0.8587812373051072,-0.7118222248943944,-0.7827040203171434,-0.5138959585620709,0.10567966016930894,0.3804302999907087,0.5743810887574802,0.7802638000005254,1.2327644016327655,0.9724997275780093,0.25470817143039154,0.4417003531689391,-0.04879666952410374,-0.5091962443704651,-0.7111867720739853,-0.6890405806150092,-1.4099557097368878,-0.6040678409685796,-0.7665961622669158,-0.3759717633444871,-0.33866999543235266,-0.24119046455654744,0.2570773250537077,-0.5703779516523068,-0.977357610682527,-0.26163110580597043,0.10988402291072732,0.7702018620946891,0.21405223654686495,-0.30385777986547124,-0.40391746323077216,-0.18668865596406434,-0.13886046026240206,-0.601398275580792,-0.8351098498505944,-0.26536690437866206,-1.2165175817268283,-0.3833358004574091,-0.6589865044835328,-1.1954058512473131,-0.176637366940514,-1.0
-0.48308617742722293,-0.7373625478299957,-0.07806405669874844,0.4167656745137524,-0.2790524445603356,-0.3897301371432397,1.379567538132228,2.4348644714828023,2.441216278079563,2.441839610403149,2.5,1.7042389083986027,0.6610204322215838,-0.06110342042509011,-0.7186930101184378,-1.5706521544871572,-0.8466140739631445,-0.06377133801795795,0.7267701198516776,0.9009822187202859,1.1880962128431438,1.040977051861036,0.8246748713888398,1.0075819532726427,0.7858691048414017,0.44909837134291486,0.6578538125306898,0.6121956349965963,-0.258603444431444,-0.9206922803316667,-0.6914988145544635,0.10038600140022115,1.1024282538018018,1.2097729949654807,0.6716752057615988,-0.23377240373937885,0.611132385288119,0.2101612437222485,0.24764156151464212,0.3519034219196976,-0.17419237065509804,-0.6773314480285957,-0.435870359620125,0.1655662876498336,0.28261285120770985,-0.25152808124938375,-0.40825233453207876,-0.104237831859764,0.08673462530467985,0.11272037401721519,-0.6094026926818643,0.13727943056747213,-0.6531773362723732,1.0360812256951826,0.2502944514849231,0.745572508860534,0.050001021865735164,1.1336925283387904,1.2732352959695443,0.38704726739668743,-1.0
-0.8976023953763828,-0.5327668676922804,-0.6278384084707336,0.0556335768727715,-0.16918235424429104,-0.4469433390245212,-0.41784174811717306,-0.5944066964269595,-0.894691874684827,-0.9490136953840829,-0.19739473455326506,-0.9535843957992106,-1.7841417069656915,-0.7022112037990356,-0.15936924838267874,-0.7742051927073861,-1.1961699321128993,-1.1155478778479608,-1.3815070429956413,-1.3711780018727155,-1.370511773377603,-0.6884368291203289,0.08393290016497741,0.09236163981448044,0.389572724505614,0.5252314427305406,0.022914190047965338,0.25982435799810144,0.4601655918020696,0.29079598009781027,-0.12946208824560773,-0.4975367126381952,0.5923137560435497,2.118944569178033,1.8402743530612475,0.7262572520844686,-0.13999615768643045,-0.0949291999244167,-0.2920634701272644,-0.3155780272975461,-0.07521256258173724,0.4787405739695736,1.4719829761698104,0.2316826880597434,-0.4220857142410031,-1.1209343331096902,-0.47035951112913754,-0.27059731908607254,-0.11076271989629752,-0.3867397588246111,1.210443123835661,-0.09507824558720172,0.07551288247359127,-0.10271666586862911,-0.9852050255761986,0.2672101418517561,0.3520918340054855,-0.5765307129003753,-0.14114488282597956,0.8878314543141538,1.0
-0.3848357809452258,0.10770537930899865,0.2786481405771764,0.7046120534667587,-0.2311731688394918,-0.27588662009060805,-0.027649201594045252,1.5310111962334367,-0.46628009001783527,-1.3088573107793227,0.5535025478688675,0.3377381292497735,-0.6555083149318562,0.43672862950925084,0.6544821694078894,0.5627763511440823,0.24773553901562903,-0.3121752896670149,-0.5744770148633429,-1.1019760759156307,-1.1335217386413918,-1.845688804099771,-1.51439820297522,-0.6077481767706967,-1.1808992525828943,-1.1318274678093638,-0.6863523180925822,-0.7118475282042989,-0.7520035796395617,-0.6882195448522975,-0.4906922539715386,-0.22408896819955929,0.23661382612798967,-0.035083695968696094,-0.5869608667530163,-1.4657884675402646,-0.9564207289122016,-0.6095332836320893,-0.0028806285554476728,0.3322420929957819,-0.009476612901741186,0.15005978695782993,0.03628788273477246,-0.08490588414043647,0.5928376250910319,0.05027129048969173,-0.40308259717707706,0.14483060037554332,0.8145442950172839,-0.33601628736862277,-0.6356769452874516,0.7968044765492943,1.0035059799890773,0.6576228357904929,2.3933956169480965,0.12928622238198614,2.3944868854811885,2.113733596842951,1.6979161851698816,0.5915154674446134,-1.0
0.6832676658993668,0.2393042986909636,0.633008804700617,1.2123864210138442,1.0893908169540847,0.7234013948783934,0.4124860421197821,-0.6260804416159668,-0.5020685124211675,-0.312580663398992,0.9967843095887933,0.8661638163507788,0.8529875982787753,0.7695673575174142,1.0363757125786193,0.46702031977480374,1.0490697138848069,1.2339352415640785,1.542038894226509,1.2355458987675958,1.7077679880938628,1.4961503140148928,0.9663859227418696,0.47669254644293585,-0.0334954065548126,-0.6477571109754765,-1.3552098065782183,-1.7596377162531405,-1.294946462110313,-0.8942206863621428,-0.8047803342244181,-1.2133900657252976,-0.5600467973247316,0.4892110837836641,0.7717933580181855,-0.19281214484452625,0.427287728965316,-0.044232468797192594,-0.019073769963914168,-0.47362116709175567,-0.6950648810028163,-0.05675628760248528,0.30735731784395787,0.02703096898668164,0.018574950885370825,-0.4762012195646972,-0.39732608532895547,-1.0632092613246862,0.17805244112205476,-0.4132868839956908,-0.19058082909640742,0.11345116751671086,-0.8776947946804226,1.6640009749383375,0.48756482478219293,0.03066448722614556,2.292790758686536,2.3637633008027272,1.138948080432411,-0.22441691784205606,-1.0
2.5,0.025446707181782,-1.317723450252092,2.5,2.40025828231153,-0.8347802321112814,2.5,0.13646143339618017,2.5,2.4999990081398624,2.5,2.5,-0.9912520840473655,-2.5,-2.5,1.111966883139894,-2.5,0.9187709178001344,-2.5,2.5,1.9342319485760175,2.5,-2.0311494646621773,2.5,-2.5,2.5,-2.5,2.5,-2.038137714236719,-0.11764917383526209,-2.5,-2.5,2.5,2.5,1.01157191470225,-2.5,-2.4971823986152164,2.5,2.5,-2.5,-2.5,-0.6079638837125211,2.5,2.5,2.5,2.5,2.5,2.5,2.5,2.5,2.5,2.5,-2.5,2.5,-2.308925590606732,2.5,2.5,2.248088750937662,0.9504304680577437,-2.5,1.0
-0.7335469236752673,-1.316300331770832,-1.212636992369884,1.9636795460776124,-0.632570587189522,-0.4368678039991949,-0.08142876848975367,-0.5570295897009939,0.34192180028830105,0.31719151973350634,2.5,2.5,-0.2678407924338019,-1.8448755674709068,-1.5408531012801867,-0.9769038440102781,-0.16910796783388982,0.44538879064973236,0.09316934562120635,0.5588917808665569,2.5,1.9343799157788688,1.5028377764108807,1.4899139093427092,1.9521746704917773,0.30892340590717055,0.3569168123808788,-2.5,-2.429226222047584,-2.000885802523302,-0.536308892289415,0.42672087283485666,0.8152338179974354,0.9101929145989396,0.5843923419288843,-2.5,-1.137798643516096,-0.6972532971454318,-0.8829800867018607,-0.006558303390032094,-0.2192808166466824,-0.36025168870411184,0.4820112700526784,1.5329402325928658,2.5,0.9476378891714364,0.6767348776766664,0.043157580358245025,2.5,-0.8216855622323602,-0.5586867858794409,2.499999860979491,-0.5919931253138279,-0.4142559352719707,-1.1091878880485655,-0.3075526184056654,-0.8531304260407464,-0.8026046024308616,-1.4466248973567841,-0.5897952778345612,-1.0
2.5,2.460999415476708,2.1845107310511795,2.5,2.5,0.9617363586600959,2.310411876835964,-1.1857903325203543,1.332803248538434,2.5,2.5,2.5,2.5,2.5,-2.031721151195802,-1.0023713558612635,-0.5847747709461213,2.4999999999962643,2.354204250389325,2.5,2.5,2.5,2.5,-0.31680566389578574,1.8653548195710627,0.5311143194353307,2.5,-0.7971068796819493,-2.5,1.535664484356491,1.50326995202753,2.5,2.5,1.6929874758621308,-2.4998799165807037,-2.5,-2.5,1.949863010589461,2.5,-0.18831750973618264,2.181463649891479,2.5,2.5,2.5,2.5,2.5,2.5,2.5,2.5,2.5,2.4999654959529902,2.5,2.5,2.5,2.5,2.5,2.5,2.5,2.5,1.6904440322748313,-1.0
2.5,2.5,-2.5,2.5,2.5,2.5,2.5,2.5,2.296603236491389,-1.0838168679558466,2.5,2.5,-1.873243108509584,-2.5,-2.5,1.9079988803266923,-2.5,-0.032919352385916395,-2.5,2.5,2.5,2.5,-0.6940261024848551,2.5,-2.5,-2.5,1.0059990811693993,-2.5,2.5,2.5,0.9435303367732673,-2.218101114626241,0.7053377977926185,-2.5,1.1163827409853044,-2.5,-2.5,2.5,2.5,2.5,2.5,2.5,2.5,2.5,2.5,2.5,2.5,2.5,2.5,-2.4078791280532785,2.5,2.5,2.5,1.3175567568264193,2.5,2.5,-2.5,2.5,2.5,2.5,1.0
1.5315969661146411,-2.3671237027320666,-2.5,2.5,-0.1266498305951085,-2.5,-2.5,-2.5,-0.5228843661856015,-1.2326211799656315,2.5,2.5,-1.6570205255512866,-1.120029963873576,-2.5,-0.5373037600584453,-2.5,-0.019153283804031127,1.0022509490584282,-1.0854567134017918,2.5,0.2991631009479331,2.5,-2.5,2.5,1.1015407768647498,2.5,2.5,2.5,2.5,0.11540705761869118,2.5,-2.499999999999944,-2.5,-2.5,-2.5,-2.5,2.499999999999965,-2.5,-2.5,-2.5,-1.8101462422622276,2.5,2.5,2.5,2.5,2.5,2.5,2.5,0.8426843288217208,2.2100699710408986,2.5,-2.5,-1.519401930794473,-2.5,-2.5,2.5,2.5,-2.5,0.015710320418636275,1.0
2.5,0.84429298432021,-1.6706732964510007,2.5,2.5,2.5,-2.222450735871586,-2.5,-0.3970078394600421,-1.4222382949962837,2.5,2.5,-0.30022702939629897,-2.5,-2.5,0.3543347808016639,-2.5,-2.5,-2.5,-0.9985549716057925,2.5,-0.22813475049211596,2.5,-2.5,-0.9624372293857304,-2.5,2.5,-2.090018715127759,2.5,2.5,1.9319131743366278,2.5,2.5,2.5,1.1642231509960874,-2.5,-2.5,2.5,2.5,2.5,2.5,2.5,2.5,2.5,2.5,2.5,2.5,2.5,2.5,-2.2798340259132814,2.5,2.5,2.5,2.5,-1.9740046153794681,-1.8651172555375501,2.5,-0.8842905201778932,-0.039804667456751985,0.9345754905383802,1.0
2.5,2.5,-2.1652755548403193,2.5,-0.26830822021576606,-1.8689804911306993,-2.5,-2.5,-0.35118742503325834,-1.4071405576451905,2.5,2.5,-2.5,-2.5,-2.5,-2.5,-2.5,-2.5,-2.1878183958374144,-0.8873603504061868,2.5,-0.09019941675715351,2.5,-2.5,1.9942635589060629,-2.5,-0.7442854710740191,-2.118676344576189,2.5,2.5,2.366555082772046,2.5,2.5,2.5,1.3342102336584296,-2.5,-2.5,2.4999999925564684,-2.5,-2.5,1.894904620587788,2.5,0.6681349411426727,2.5,2.5,2.5,2.5,2.5,2.5,-2.5,2.5,2.5,-2.5,-0.10914782459882125,-2.187950098644282,-0.08542204785694278,2.499999999999957,2.5,0.8310177424698874,-2.5,1.0
2.4999999999945115,2.5,2.214728188855183,2.5,2.5,2.5,0.8775967169138665,2.5,-0.6885287030422225,-1.0103317186246843,2.5,2.5,2.5,-2.5,-2.5,-2.5,-2.5,-0.05764576128297078,-2.5,2.5,2.5,2.5,2.5,2.5,2.5,-2.499999998128086,2.5,-2.5,2.5,0.4674513191052335,-2.5,2.5,2.5,-0.4233978921327009,0.6554274170649472,-2.5,-2.5,1.925904287438852,-2.5,-2.5,2.5,2.5,2.5,2.5,2.5,2.5,2.1267850865775677,2.5,2.5,-2.5,2.1183252765518508,2.5,0.874417394462765,-0.3329761084042384,1.6197085945212963,-1.9532479771910072,-0.34801185477981283,0.783994392211901,-2.2096777176045497,2.5,1.0
0.5203543442023316,-0.3245155480523892,0.4218370571048272,0.14666158212256508,-0.46793085180934557,-1.0965903019586047,-0.9654083339189785,-0.26212107340097324,-0.45383899433605346,0.1494388228047085,-0.17835662899493537,-0.5706783562278988,-0.417127623950385,-0.8581304623504741,-1.1484546750651405,-1.207311982324732,-1.1882034928900502,-1.455848263903674,-1.1273796726772731,-1.0060830135430612,-1.0432294108818503,-1.0368711168347513,-1.1287095681213077,-1.4450889983784112,-1.3325096372907792,-1.413658399872737,-1.2634942169851116,-0.12518856568622655,1.1555628226826884,1.8596713553538793,1.6111593596016875,0.8716430311310609,0.5150969702633016,-0.010259421578946715,-0.37380627645456754,-1.2926813838592197,-0.08809046493534206,0.6349272291716745,1.426811168319214,1.731026685866678,1.1885801009847299,0.4212385005475639,0.12672620999110537,0.7763635226218422,1.9775463120538166,1.938881551103809,2.4660153759516623,2.420367618436751,2.4674477613840335,0.8893685137238229,0.16509155560787808,1.0479403571038606,-0.9637562317019437,-1.2180996527349737,-0.384771563536156,0.8534827061674021,0.5081363699155628,-0.45241161244041594,0.08716216790627827,-0.41018849103862864,-1.0
0.6874718710590233,0.29583157216239164,-1.0494620217602135,0.19468255810175641,-0.8854023075841081,-0.6465837435575189,0.7470165407290582,0.16994744059109596,-0.7132325693178482,-0.6028251850802977,-0.6488450454182609,0.05375133163666476,-0.5288087407071309,-0.5287459160433803,-1.09298878922599,-0.7441090533352631,-0.7359862994443661,0.9012963954800393,1.3068248521809176,1.0709533867870888,0.8690468604791868,1.1331043286190348,1.3518320189814172,0.7701114378049833,-0.034259282322319166,-1.683895299068895,-2.0712105097066553,-0.5727348779626407,-0.30064762704999637,-0.41829402106767294,1.1882956875292732,1.5745177537102544,0.5102728871946148,0.044974309975303106,0.6169477840491885,0.39957696745424925,-1.067579948788108,0.24343834685899796,0.7071176581887961,0.6949230563420608,-0.19710421907649991,-0.8132477459516667,0.7627957399739344,0.4288257205676827,-0.4416755005616531,-0.12938440770367318,0.1352149431917934,-0.8152786390710349,0.8119670534254187,2.500000000015609,0.42952066128831246,0.845779155832922,1.6118216255643465,0.36774454044577726,-0.5621936581096401,-0.16678132698095088,0.02486792531327134,0.42274664791599553,-0.34434625804360736,0.8250691800561039,1.0
-0.49066742327628776,-0.737880481950391,-1.1035606494765322,-0.7186043636947739,-0.6082713752619666,-0.9982458011312366,-1.4251823316391607,-0.7393166527290158,-0.3216105501886774,-0.7803298990015212,-0.6720481369085197,-1.0968975934943352,-1.260287365678047,-1.1914481321933628,-1.4578566120902074,-1.1412349683181424,-1.0163029972264892,-0.32822936828154703,-0.7249654477283883,-1.0010931680765818,-1.4406185923131194,-1.579823078107068,-1.810715608608438,-1.8901914680565277,-2.4999971996363706,-2.176015200656913,-1.2222649914585624,-0.24609652602519722,0.6647676018113254,0.8051202193751938,0.2010967549336346,-1.032658921113801,0.24494690982318468,0.19921117647650557,-0.6626428833944219,-0.6796162360578387,0.3215870891902934,1.0691171513083486,1.6853488572717978,1.2757591775391735,-0.23702127965893813,-0.3268626970196678,-0.475305154594083,-0.9336233017581769,-0.5826570174872587,-0.9337805798584898,-0.24567721708787357,0.07393673215443144,-0.2209464954915459,-0.4760473196236319,-0.7271936462027637,1.091064270130623,2.154284437299629,0.5036950303645575,2.0282677142563688,-0.7395047326007526,-1.0715042507450194,-0.4920160559783514,0.15821398998611483,0.40777844165032157,1.0
-0.7350233363595362,-0.7141208930941396,-0.5831905745281133,-0.7070940925062863,-0.7109273287895037,-0.6049140537450758,-0.5681219445901332,-0.8809680474422962,-0.4465692396003667,-0.5844293071147951,-0.8530076577228709,-1.3115842069334946,-1.5181073362883077,-1.0473179286738135,-1.2086009978085155,-1.3344469612420986,-0.8393492048694818,-0.6009471117446403,-0.7389747542011467,-0.3982791698655649,0.04216804486160647,0.3683230665921391,0.7213861904693233,0.7243755316809004,0.9621874523345597,1.201271009476213,1.2395937804974777,0.7723482368814789,0.495896712450759,0.3803643700464953,0.33801149949076065,0.36160079625183245,0.2958054262121802,0.42336578429279687,0.4878401947178047,0.1997883327115136,0.3731146701317899,0.06328597706521534,-0.7233494483117588,-0.7037065597617956,-0.543432294767055,-1.0608449981006955,-1.3866265292362403,-1.2443250674173547,-0.6639461938001349,-0.8468860304092076,-1.1261913466346203,-1.1312252113018901,-0.9635818437054081,-1.1769096096899583,-1.2000062380306569,-0.8867453070940041,-0.4758225698994982,-1.1062012896470512,-0.6176367027471233,-0.6078332311431381,-1.0789407315117452,-0.6010921566716974,0.10872237992392429,-0.14320266689219424,1.0
0.6069416029912171,1.565938377576686,1.024144781954113,0.7486607886611315,-1.054386417999404,-1.2970352286422073,-1.047065550562738,0.8311851090147258,1.7751868114734672,2.494095339604731,2.5,2.042177411614271,0.18874795987924034,-0.6149158818873078,-0.20967432254705437,-0.0986420992989443,-0.6212854003228756,-0.7714270687757188,-0.6779704117164154,-0.2901646838272318,0.34793582783720534,0.93071861074192,1.3019094093909598,1.3664797815697383,-0.03778415163269603,-0.7025282719651639,-1.2192821363428268,-1.469307699868223,-0.9064375497688089,-0.7361788409822548,-0.30237726743875504,-1.511207660562997,0.07944494155934616,1.0870179693631181,0.8671398322242053,-0.3322066826802813,0.20379074483285145,0.11258140149821189,0.658453319233323,0.7016596643502332,0.040735236462970364,0.9051172953043437,1.2110121937655796,-0.19946794039876958,0.11132742874090892,-1.0958045550168856,-0.06825627977878146,1.816221478016359,1.9255380434689247,-0.037241603384464105,0.39285658656481665,0.6168483077906,1.2699829911007174,1.3743082075143083,0.6773097477833928,-0.5775945053379063,-0.8825379724606975,1.27151852009195,-0.3297682667385725,-0.8735204448742079,-1.0
2.4903842470985817,1.299421368267319,0.48600898672007997,0.4030132195725142,-0.2411351970380501,0.2705918408000375,-0.4364984013160438,2.470217611937104,2.465860488674669,2.1443418586774983,1.6954042287788866,-0.19001892214812455,-0.4598208108887451,0.07551980957770325,0.5000053362431507,0.49498870135355394,-0.6179845953630363,-1.0082868395684674,-1.1911969422110742,0.9969832378346444,1.8411859567358566,-0.760192899738031,-2.177724851324436,-1.9697111837460128,-1.750740179136358,-1.3184702939664434,-1.666771920128265,-1.4409452987414368,-1.0865612313133655,-0.27132139964215507,-1.2454954268729201,-0.4932969504649878,0.29217239423838726,0.8846847384749393,1.070817967261228,0.4246594259598405,1.5520458532632613,2.0190355857202897,1.7452925642517403,1.1889590941405666,-0.08109842830574489,-0.7147686900131618,-0.3263994418828174,0.10277347186429256,2.210177087020744,1.0540641695065391,0.12443143015382131,0.6725653889418386,2.1446338453278444,2.1292329396455987,0.37030257407777367,-0.33483249939045306,-0.36558925406556486,2.4663773956796344,1.350659380260546,2.22702688250884,0.8148686226814963,1.8442599757139964,2.077010565954653,-0.46895520501340937,-1.0
-0.13933136064815368,0.13401572444110402,0.26964272806209283,0.4359309196113346,0.049884822007483995,0.33819805639427575,0.12193905626368833,0.441489713132234,0.8188430863589367,0.6077507686615471,0.5256946422555472,0.24014157985702886,-0.3348695466692929,-0.4956358662861654,-0.8796020396498135,-1.1950477391337992,-0.8149491442848834,-0.8912819167395819,-1.259071718533021,-1.8227144471750512,-1.9151067480045234,-1.3887310354379514,-0.653484828817043,-0.13760084580177934,0.29405997049142085,0.814880150000186,1.1272336535838379,1.2406372732545228,1.1609147933648178,1.5320175366544009,1.7421806682780145,1.4782143622754356,1.262782333652833,0.9816580268967448,0.9420490641537849,0.5490368885121185,0.99776738394646,0.5051616293364659,-0.061787390268298104,0.57891996798045,0.7945826039753748,0.7310205354825164,1.1788356273548697,1.8159571080396169,1.5945991170316962,0.9711384872571828,0.9584822185400247,0.9772261328595047,1.3059535352752818,0.44144106812573203,-0.32147907831648365,-0.29046832718782356,-0.6200046536336306,-1.1972576572149314,-0.6483664067915528,-0.05335141400067788,-0.783831753348348,-0.25492580071006427,-0.4933020423859162,-0.286749675178379,-1.0
0.16471606913980222,-0.5015671264929669,-0.13655066095980314,0.26629662459673925,0.6977100497957789,0.7144609884682674,1.299065592873686,0.2997444261697694,0.6073743746687433,0.3969965135379996,0.7702571268141746,0.5506665269506791,-0.28841040438534965,-0.51801891529611,-0.6286680410909291,-0.5092133008487325,0.15817049157961782,0.48618557256752964,0.5948625072188093,0.0508450919481466,-0.48756327283339573,-0.5013836907817305,-0.34167430311368496,-0.5681975105689899,0.12008453375614661,1.2470606518482223,0.9634660894263456,-0.3278634506542696,-0.5324001577457294,-0.8012316866650538,-2.026300083119031,-1.1593835504980234,-0.9194428066470576,-1.0843687480209414,-0.7670166375807833,-1.205885723807391,-0.7330110123292104,-0.1684131113184025,0.188772686194922,0.7304502245034205,0.528138169828809,0.03496639111637999,-0.8740477697819008,-0.8328658255216459,-0.2528699499586695,-0.6077546830335854,-0.6553109989732581,-1.2224334131192038,-0.9032990924986711,-0.5487690491006436,-0.4563178396882989,-0.29301959066789607,0.5931172233387395,-0.6652881051351041,-1.0505250886646242,-0.48878197188966904,-1.0290175711833964,-0.5669117269054776,-0.415818107274012,0.17529934962091964,-1.0
-0.27772662343341054,1.3953485978143092,1.4337366818513733,-0.164446914333733,0.6411793841772198,1.0073838992605577,0.6035734232361804,0.8911054581600174,1.2479775033700826,1.0398784295097732,0.9506353471475051,0.9006153987228063,0.8928246970288656,1.0526362028348473,0.9738409660886951,1.1135771809657709,1.614318034962597,1.4711362145845257,1.2587788049898954,1.043049781270964,0.8105140624689983,0.9165878604749431,1.2396669924804424,1.3410366443821555,1.0421840101889068,0.9990828427748811,0.8129710869442089,0.07297001175387868,-0.04362015557458193,-0.07267901830550641,-0.6919183768578774,-0.9054804946225823,-1.172049022584297,-0.3167699809857508,-0.0825929626063063,-0.8191109040333493,-0.4759602451467676,-0.39779909698126426,-0.6732649237751263,-0.6360544493661574,0.09595745918597878,0.010879677782008632,-1.5399024438871896,-0.6398210479034221,0.1021289812669384,0.13061109799247744,-0.1838955871482778,-0.2957749600292157,-0.5847525481710968,-0.08927036871557668,-0.015577538355371642,0.4718364576319511,1.1649257582325714,2.023329989574555,0.6527780941245686,0.7322237429059939,0.6435713961733681,0.20045127736877177,-1.0699721426119149,-0.5668664309872515,-1.0
-0.7481497133625837,-0.9317896577991035,-0.40488993189056727,0.15849564491723303,0.28034710680462127,0.3676676566445324,0.5674491108024627,0.6703488825926307,0.46623265950854925,0.05178527897157634,-0.6667680932483573,-1.1450093449099803,0.029111441371668774,0.46777770782205397,0.9264040735820456,1.104566257765838,1.1124679134446194,1.1023364826369402,1.2555854056775622,1.0812974761087957,1.4136549051560674,1.3975216069209906,0.8627979167613522,-0.1355142223020529,-0.6718583406887114,-0.6555077445000804,-0.04255100608955556,0.642316087567084,0.7227289325297146,0.05386672941173195,-0.9298526497285584,-0.760943743793202,-0.6012356819920565,-0.9030770082093931,-0.9133506503952282,-1.3058756103870592,-1.079811223506227,-1.185388817267129,-1.1557396342899278,-0.8415747961028633,-0.33853275661022475,-0.30806117527921767,-1.0254043736616332,-0.2656248661622602,0.16752491410392065,0.1642235793262981,-0.1540896648240618,-0.8093626809536751,-0.4314468359922682,-0.8482780901831591,-0.9890796972216211,-0.7531664734133914,-1.0790265436129107,-1.1939818714830561,-1.0967147676489781,-0.9029882806567642,-0.9760562334729179,-0.26962541275215135,-0.8405713131044368,-0.25250956986160117,-1.0
0.1193370162788295,1.7822676368167636,2.354567465909861,1.9723030578943674,1.7060666980439212,1.1483593444222049,-0.8074123805165684,0.056096216971678804,0.2725258492826819,1.0998249427803124,-0.21963657001101633,-1.2137975263643306,-1.6105331268210448,0.4898602599226736,1.0807905182190645,0.7363341096881918,0.35247525494173915,-0.0866689652268012,-1.210398867931266,-0.5262288037902549,0.7338810401211877,1.4029639442596253,1.2056261738286058,-0.4988255404416732,-0.6197270553495895,-0.07726822241975444,-0.5389890090628379,-0.6602553484829617,-1.8055818444920158,-1.687921500624535,0.346996325177729,0.9414646336897902,-0.6016009607540854,-0.9570073594184233,-0.3941959874974962,0.2961028360632467,1.0397554173267272,0.44203539259840846,1.1423936045666494,1.7228793987405466,1.2822049733476064,-0.25960643808309974,-0.3523760233993307,-0.30658279516822623,-0.24302222593251385,-0.7746976308212614,-0.09336048146604281,0.22195807404421278,0.13849611303983625,-0.34638286686623654,0.29468701525353874,0.7839136085772525,2.0470504692590175,0.3048081347142795,-0.332864111807272,0.9959343424372921,0.2419380644265249,1.012237407479964,-0.7193862208459109,0.7724232548886789,1.0
-0.8132183878591461,-0.9214345071206103,-1.0118120225214462,-0.12005224607174518,0.004971009392569759,-0.27784365828182056,-0.33583761707024534,-1.0332664804907514,-1.1207920992477358,-1.2773078088977416,-0.7838618385614062,-0.7004975758994161,-0.3823179392677922,0.006379915706996576,0.43173996627755085,0.4403827196927953,0.44710854839628467,0.7015202317231591,0.7892363392433437,0.9088012393942768,1.4015768806937106,1.5164566992212047,1.3073992032886048,1.1590076787799914,0.7971914534450728,0.38406023101748316,-0.21038986554395472,-1.062913853421199,-0.711979178232798,0.16977143605766956,-0.07396616214831592,-0.5616483700288751,-0.2190107769593377,-0.30819519608237833,-1.1494348655208166,-1.3847701116777276,-1.4220103284369114,-1.3957203044617374,-0.8045854720729657,-0.5492083739048996,-0.7175097514519151,-1.309189992141271,-1.676730396707532,-1.0477662380287112,-0.7300362465446917,-1.0763223119762904,-0.8184430650479044,-0.8604918754077664,-0.5964504474711705,-0.7796293013505248,0.004425269750025834,-1.0531794015746343,-0.4197668635135155,0.06598249583364996,-0.14457142642083384,-0.43250276133171994,-1.3321689846512104,-0.8873874607973253,-0.8837827554439056,-0.7743198658313639,1.0
-0.7921978769283883,0.20304079302056063,-0.38446954769026487,0.4757621651853297,0.5690139104357999,-0.04234907425527957,0.6166011382383098,0.8936674407104418,1.0606504944688258,0.6114853601669368,0.8820269207852487,0.7964048879227539,-0.19499757587160108,-0.6414975409159652,-0.9504413990816659,-0.7966524170664485,-0.49920335164939283,-0.48691633722001615,-1.023610184308694,-1.6441988677640913,-1.9920939477720927,-1.8766328982677023,-1.2776527806919624,-0.9685331391958005,-0.41833117955286026,0.3562830859887351,0.8766117383272851,1.0046736555380211,1.1931769252577265,1.8568289690123692,1.9682494166200424,1.8738384999016984,1.6364812313403287,1.2730215136431162,1.3874710545587023,1.180572432187412,1.6816363738508933,1.1669731868110416,0.7263722016828863,0.9574033035627983,0.8230610304436938,0.6897272524000099,1.6640332823760804,2.434344652362281,1.8977409564923733,0.763134022930597,0.3635985610360509,0.6850228219894334,1.4094461319867306,0.41563115129874334,-0.6695234364645192,0.42233193989737916,0.1772399773910523,0.04763022266793114,-0.9940897184257871,0.25313160135018115,-0.10274069027917301,-0.30020118518242883,-0.9931506943557463,-0.5649781206313609,-1.0
0.40150260909420443,-0.21233038659061151,-0.04292982815103701,-0.3423396494421536,1.9124365971893598,1.0251549402317435,-0.5434064900639959,-0.6585210134706453,0.012376831171296019,0.009223468619052686,0.7443767448079291,0.5739456001730522,0.6902518679835112,0.589002039811562,1.2781092472770732,1.839805701330863,2.1441685826645234,2.1922648287171516,1.8786777487531368,1.2626221498480399,0.8730789164089119,1.309526506026805,-0.401680427328567,-1.0401529431544283,-0.4085750412008808,-0.06546005140528505,-0.28145613672469216,-0.8144678694715882,-0.3858466696291876,-0.4268650339958021,-0.195583380935243,-0.49389541737017495,-0.11470708622914896,-0.05156132684770822,-0.6658819933507069,-1.241564808183673,-1.0479111654731375,-1.2282696332258007,-0.3348398421000494,0.017862060001079073,-0.13021191155126266,-0.0504904357410664,-0.5285272115142848,-1.194694408001351,-0.37968881301585977,0.4811434697091449,1.156593793695291,0.28635630403127765,-0.13800543485716013,-0.3368704274890784,-0.5848630482163621,-0.8762226664685897,-0.9179246214094618,-0.4430734647362155,0.1316227483837127,-0.3121984670563983,-0.31052618951368594,-0.2664229160523299,-0.6083021862062136,-0.25741985425573466,1.0
-0.9049522418739412,-1.0422347819588316,-0.9469034425371881,-0.6349411558536331,-0.30041668161949675,-0.6296214636738974,-0.3706740435935642,-0.7610213026199303,-1.028460593406167,-0.9515118703934629,-0.6693457422142547,-0.3952010544399667,0.043013351180495554,-0.23960321587709724,-0.496507607231372,-0.5176234189528967,-0.49898540158654914,-0.584946847632348,-0.45109902264643786,-0.3498865995590539,-0.12684770381953442,0.09946222536394772,0.13121780500744928,0.36359988121299625,0.8760411697442672,1.037594038791025,1.2407635581715455,0.6919465191749198,0.1600703968754764,-0.09399572769667804,-0.4428257042704366,-0.6804535919130796,-1.0614946456881111,-1.4738379680752776,-1.0954629815278385,-0.7657685806370422,-0.6304914438008137,-0.28498552757621437,-0.4864233922279114,-0.9589352519887215,-0.813911534662152,-0.6368978349872473,-0.5028356698573809,-0.5528699804238947,-0.5937269987128742,-1.124749600312677,-0.8661084096223506,-0.705864418349935,-0.9189320263074046,-1.1929477349684485,-1.234816164288786,-0.8245574765768023,-0.9957142209880565,-0.423079846077979,0.30198372449472344,-0.5727911917633786,-0.8508781056728191,-0.23910401422527552,-0.3527695963638188,-0.71044166960033,1.0
-0.24597349189694268,0.021975962555417655,-0.06020985774040074,0.08276222588928403,0.42042361146776286,0.7779707482412036,0.7197004257852474,0.1950917131552296,-0.04896534542361753,-0.018501048801364828,-0.6186483570191452,-1.5103999403821209,-0.6677307926023279,0.09304388877987055,0.8652188879326848,1.162586003965,1.3322338045176068,1.4554532029468965,1.80960236447328,1.6067011357483256,1.561646474837415,1.4636826456669563,0.9976006404516352,0.03918219235420213,-0.6712802733943952,-0.9198815966237776,-0.8304779604062266,-0.2958900940929723,0.2993202387022955,0.21570175137496822,-0.6655489823732504,-0.6929118776998439,0.07106083889487279,-0.10505519316519557,-0.5435297295403846,-1.3224932187621148,-1.2963371364820635,-1.1880574829143684,-1.3831814969754455,-1.0731222753362744,-0.4925399689792287,-0.4782497958102636,-1.1611561036050124,-0.4410958449823535,-0.014273177437394077,-0.4286883821972311,-0.1180354240726707,-0.121636551703087,0.3725326592150421,-0.013455440346951227,-0.7305041264279071,-0.22951191580452418,-0.6261800703679887,-1.1159991220616656,-0.9313276404045412,-0.36048924318526243,-0.6754426954921509,0.3183074300510989,-0.02547409295950525,-1.142983432649719,-1.0
-0.5543812038830077,-1.0166736520703699,-0.5093704896872449,-0.14981139508484506,-0.21663203161528183,-0.2025777028698379,0.23604366523599157,-0.3021919794686927,-0.1902146280382066,-0.2372079868348421,0.03285473805566498,0.11405908965466864,0.24303509335372908,0.5147985205218406,0.5850794231771682,0.578855430670996,0.7229924519452562,0.795229944113184,0.8615818551864903,0.897886714427835,1.1462235977505462,1.3338063026728633,1.3604642657013437,1.2962225848143878,1.0290822648334017,0.8385016907176993,0.8357639470043808,0.9091179830532821,0.5589260571917397,0.0815818468661037,-0.5651144940571508,-0.5102245601377116,-0.8862397918898286,-1.6149897883888917,-1.0292372126360556,-0.9790554922398957,-0.46999230498520317,-0.2713469052303308,-0.4978053778998855,-0.2053027442170489,0.25684187022141575,-0.12490867306986107,-0.4357564772932032,0.04529914434058051,-0.30348712684578816,-0.6378794970193066,-0.16411004579922,0.028390330359518882,0.4592975977055547,0.1734260761056662,-0.26736625923170554,0.46428358935099506,0.38167659013389116,0.06027849084782975,-0.4216546648315328,1.2698184716083263,0.16857705227259373,-0.6610154971118962,-0.41861070876529105,-0.6754212356202165,-1.0
1.8125597261396384,1.5408085935079792,2.146338501667064,2.1340046816857168,0.9411254129613624,0.20079465372179997,0.10736010466795078,0.39284279031176683,0.03827893401454392,0.02486699822640674,0.6989342026913878,1.1883919304654724,1.2867346933217565,1.7120392513679785,0.8872362469454224,-0.8640664162710823,-0.5689762306104192,-0.5191923538150053,-0.8736951648258858,0.19763610398541717,1.2182028892873955,0.5016978375165538,-0.5126734322877423,-1.6110100524678428,-2.009019471740126,-0.1552756190079417,0.21384892238092962,-0.7498046199028311,-0.7083293205919313,-0.15318469919581038,-0.3111645020799399,-1.4455823601288154,-1.585199083794277,-1.3242220163396288,-1.361487136865857,-1.406292389087273,-0.7396068107474243,-0.8480009788096551,-0.12687532137584176,-0.4927156826175247,-0.8334745993428891,0.0726425357289655,0.5116469850053967,-0.5006861802185197,-0.6257183222822524,-0.6458853624569513,-0.47851497009440097,-0.49129380809922657,0.37256668042654617,0.5947130564804094,-0.05591005397352839,0.3151145177993204,0.6810308183651925,-0.7485704803549935,-0.872722154289152,-0.5874002285569231,0.15141017812225593,0.32379586170482155,0.2472601585305254,0.05838808343204561,-1.0
-0.8639222243635342,-0.3282981708358837,-0.4867099322856317,-0.5761745104783071,-0.9287958189007051,-0.3280096074664978,0.4254084926538752,-0.13538266788941994,-0.1762636546792472,0.009449332137463903,0.6600458279137705,0.48132149935562196,0.004031768143280999,-0.24450423284024791,-0.6117076901071189,-1.051958414376993,-0.954761516519647,-0.8056149313828784,-0.6677681172295071,-0.7385435283808884,-0.9652393094228516,-1.1737722129159767,-1.0090094860163923,-0.5830370162754427,-0.15054797599895245,0.31114512504660236,0.6659697080178464,1.2675615816205488,1.3683671799216421,0.5015664717292795,-0.015639981341179995,0.2756971387322723,0.5659816099235678,-0.08606688719391231,-0.7553070859126659,-1.221691135102566,-0.7970977411790005,-0.9720537839394024,-0.8200867688323419,-0.2514031527037359,0.10909782630425942,1.0101450750015308,0.9088866127166904,-0.6170741888972566,-0.1749415177764452,-0.4019718683698353,0.3006958259501734,0.7140845222896507,0.6795723185068439,-0.1903416145610669,0.30864513576583663,-0.31718176025968065,-0.05971050955764632,-0.21994379223679025,-0.9305561231119247,-0.6490818752317836,-0.9597967642678454,-0.16422066496577536,-0.3084177718703233,-0.9081974669813067,-1.0
-0.991690052043655,-0.8873395935750084,-1.0975675960496891,-0.9820029650897372,-1.0136144067972284,-0.7395667821347384,-1.2952866208685674,-0.4806375906166561,-0.8044877465348448,-0.6769425378782605,-0.8431120097345453,-1.0454665191953496,-1.4983117010173612,-1.4693760444469182,-1.193943435505094,-1.0844251181356581,-0.8438993230180545,-0.26561136336081415,-0.24266571833975362,-0.14337970794199367,-0.0007215074897073438,0.15004633215853314,-0.058739691249796396,-0.30919274959824716,-0.7454191279423461,-0.5823609439826886,-0.04276498843870958,0.6698678307361442,1.5208187176826897,1.5572169883862739,1.237460689717286,0.8629501300148804,0.6371719363195175,0.6534262211478131,0.5923454623851628,0.43493121220104625,0.36599534439622217,0.044855454126296004,0.0638287142534685,-0.15505023824797567,-0.2250147040034712,-0.6991543714970281,-0.6136719012456822,-0.49002908964242914,-0.24295531547293037,-0.7060049627562263,-0.7103807555583652,-0.5734384880249149,-0.43650850531092816,-0.37982780406804195,-1.1155512287936284,-0.8356165320981789,-1.2116985203954822,-1.2460442437909751,-0.7615656573458885,-1.122988262866683,-0.7800293073508536,-0.7114040353613204,-0.4679603707361116,-0.6898750995387576,1.0
1.0183529319544002,0.5365199189862337,2.0164406035819424,1.6310055332824152,-0.9058269291879151,-0.038816835340558534,-1.0898479783291777,-1.0574116703417513,0.4254152527035271,-0.33553269645540207,0.7769770204446741,0.5136818157229244,0.19474984163765602,0.23860704337265273,-0.07860072157812818,-0.7467549775240273,-0.4609777586323107,-1.2219873993298276,-1.4968112488989256,-0.8470999963598201,0.022735240151394002,0.14035866784417494,0.030230459075204424,0.27249306114491645,-0.08987875154758557,-0.6585501273048996,-0.06043796682903643,0.16320420210864942,0.5379950917685085,1.0848163293279731,1.7418779280848036,2.192431735037003,1.2182582278543341,0.8842237860155583,1.3758540631403633,-0.32250168225950315,-0.8058064391058746,0.1596799426820448,0.2585564397138682,-0.5561000039816191,1.7337181953956493,1.6777188113139034,0.07305349813221576,2.3721474090206267,2.5,2.499924463219516,2.4590640510410506,0.9288332727545415,0.5622815418136408,0.4798158016448441,1.8124021397718024,2.344855195379643,0.5886726420315387,2.4882356152755563,2.488879094280369,1.5885847244808067,0.9238059080098656,0.35884218352381136,2.4885038149122405,2.4885782521605555,-1.0
2.4851688697344168,2.4709898642602384,2.472309882517124,2.5,2.4725669261247187,1.2452673077391445,1.0135233908859544,-1.4939933748351877,0.12296823266250598,0.10015033168640869,1.0268701431607243,0.10271706426497236,0.2809463200720782,0.2042067326631856,0.22893677485811145,-0.04158935538253382,0.1067846787489584,0.04212766310370593,0.08489676211927003,-0.7214080138843277,-1.265689978891578,-1.562900474655039,-0.8496832430018721,-0.0756413474993329,-0.6857965281609895,-1.7359907838753486,-1.1586933761772145,-0.4057586621298038,-0.48697826632973185,-0.7335352076793236,-0.6050078090009773,-0.9374774080733849,-1.5784520279844294,-1.1086563239810874,-0.3785246691459597,-0.3877721443377059,0.059234924994592965,-0.021935197506056693,0.27014595884400877,0.5955436355514013,0.4042021143769409,-0.035680075508174064,-0.5854138961740047,-0.09762823281870074,1.0754857659618828,0.4542052505778666,0.7952937215233298,0.914176753203909,0.8752889800355663,-0.07554142082840312,-0.03941409790783603,2.5,1.4357242108203887,0.6017351654914223,1.213965553906713,-1.1896941201534403,0.4753942099302043,0.7206138924222594,1.5709940214212375,2.4751163902251463,-1.0
-0.4322898147311714,0.7025505499647381,-0.1595937782384323,0.6295990750149951,1.1857230245133112,-0.4174197947963838,-1.0823649319677844,-1.3750755021558423,-0.6354611797068764,-0.6752860483616069,-0.5138056927500593,-0.48451680331494845,0.5784383704601708,0.9458982227701659,0.25697785320963035,0.8670046965409473,0.8428094975934016,0.9142551296147087,0.8313392608643567,-0.04200706031340614,-0.15385901493145573,0.07614682203158794,0.5824245224295223,0.4412678631725213,-0.4031466293716012,-0.9353902132547507,-1.1800640798099782,-1.9571846008111016,-2.4392172592124943,-2.4126038568976784,-1.5769815893887509,0.06498499255699684,0.8949807849596747,-0.10913870468631116,-0.5887480417533347,0.40996750431039597,2.1966106062347133,2.4432931076625604,0.16051178123374923,-0.00012039684207500092,1.9418529340290653,2.178936853234689,0.20636236511320416,-0.5463511650752817,-0.17398605430522,-0.24129308507492148,-0.4981371628386548,-0.12767040621245684,0.2661201645309787,0.08076995609276859,1.712720313520388,2.197646698289981,0.35124995236271905,0.15105690064106694,0.2168228958440232,-1.0466874780027227,-0.5941176235524958,-0.6687250996942442,0.5448029017332263,0.20211534447103913,1.0
-0.8704227089543876,-0.6704221809617619,-0.10617486543766426,-0.3100237388830341,-0.12631258493214045,-0.586991474776251,-0.32553677519542834,-0.5489110221620068,-1.194951221373345,-0.5645539816067784,-0.5552274240738525,-1.4764831350582674,-1.5052322929445385,-1.3938935527921832,-1.006905648548714,-1.3443089613805845,-1.155180069508492,-0.8347443931376884,-0.5443051641181739,-0.6499914984057169,-0.3598315693908417,1.0269511271580272,1.2818579739454445,0.8771972615176272,0.0640725825144766,-0.0283144531835037,-0.5532286304037232,-0.17678358451494505,0.587974020032397,0.821485938812236,0.36223029138946977,0.9274939827375075,1.9369122418472537,2.202384383237567,1.842317953258059,0.8375211749764558,0.14088918984084453,-0.47950150244583534,-0.2933896780214505,0.3062788253985145,0.22954914427383954,-0.36056472209409884,0.40398025143251004,0.05199151628138253,-0.30440643787571614,-0.7457202891865267,-0.8710463736913505,-0.7994493848885682,-0.7693518438066815,-0.24497674935155472,-0.22475552576153762,0.15942640710567632,1.2102884185169271,0.4971329363923668,-0.4016896179012917,0.8292394158617371,2.4387404268277355,0.1224941924432839,-0.03950347877440979,1.1509812659036827,1.0
-0.3374351091895761,-0.7632548702212569,-1.0740772533322127,-0.12023136262308982,-0.07522768648777362,0.8536727983312768,0.47070624351627627,-0.15479668303002342,-0.09588267903495325,-0.5511003488961106,-0.9513966891066544,-1.4104039560524797,-1.0396183013110587,-0.20234296773475763,0.5285317531062033,0.905215375519182,1.2525182058710216,1.3118773369163783,1.502044373200443,1.4486528790806639,1.2406809056159973,1.1347641536770485,0.5175230076994873,-0.6372769399358299,-1.3305248214566539,-1.4953037716679984,-1.7827543185068186,-1.3205094775025699,-0.2716110825919818,0.1575309736297281,-0.17877922331227997,-0.36442430791891983,0.12683645754855752,-0.07453302395319249,-0.2843292733234679,-0.8842603390976699,-0.9736896614559114,-0.9388239614737692,-0.8460819447641196,-1.1387909189781003,-0.7195952054858109,-0.4938274138603348,-0.8239710921775296,-0.2389820226509705,0.2017608144561068,-0.6449631204350869,-0.5444586825861557,-0.2806179921774151,-0.02797703819328014,-0.48760947180573566,0.10575295061936581,-0.09440626248877146,-1.1601874087325796,-0.831411804356008,-0.5971776550450721,-0.8665742080795804,-0.9066171302112923,-0.6151832766500089,-0.45020496274171007,-0.9630876693525022,-1.0
0.9754879830984448,1.6812668750915132,0.47350717648009577,-0.12388565320426936,0.4316537551630485,2.324438098600007,0.897865914188042,0.782674183171187,0.6921245449942388,-0.5848516634895554,0.6762019288111689,0.4079865926220418,1.1935154244316348,0.42569377938236524,-0.5542309864558432,-0.5174615550574404,-0.3298353754566999,-1.1377475514949538,-0.8666555005045917,-0.8077352241873094,-0.1914562912276918,0.3859215158033023,0.2633980539793498,0.03571580066603897,-0.6702269807737027,-0.7054852998251724,-0.36177053304856777,0.6076419671832987,1.0753796007150507,1.252309271715715,2.143050606366744,2.2163848039134746,1.42159703784573,1.2284423972356613,1.3001944285650537,-0.3790453317726662,-0.8381391315974126,-0.7397497498715755,-0.9343031407853695,-0.08089918864887931,2.338293910909726,2.488945750334206,2.0499347830805563,1.7182463270808925,2.5,2.494189576224203,2.0333524906491642,0.7366732257600049,-0.08397163277496708,1.09611548162127,2.4370026685892507,2.5,2.342654254555817,0.5776499646643365,0.3795644728344415,0.8086759005292345,-0.9963242147493614,0.4498730261159709,-0.0869188055480026,0.2547461910172248,-1.0
-0.359107804476329,-0.37054491804453343,-0.8203088132997854,0.62938322084262,0.5537499560429266,1.0633282337821282,2.4801300329803695,2.4579702447350407,1.2778732010616347,1.4995971461621638,1.6443926893524798,-0.6504594974188743,1.3243955715334654,2.479470223252043,2.489055630577581,1.8450181243051345,1.078433016391536,1.2425919603947686,1.4377802770913723,1.0750929528135187,1.2441783814335732,1.30774221187537,1.3938219942815047,0.9291498495841125,0.42452066035423064,0.5526800491617395,-0.21237314149297362,-0.9952780793011015,-0.6970373671699117,-1.089449411366697,-1.053675985948042,-1.5898948423656585,-1.7687114214533726,-1.1262655733289202,-0.7917644363707855,-1.1071012390935633,-0.9623874322385956,-0.6956902979500854,0.06624962092585505,0.18825254923339504,-0.30734134754269515,-0.9260161302734,0.13295167668817673,0.3935408349288738,-0.04766729199011552,-0.36870752737902085,0.16942298766254574,0.6433432222703771,1.8663720679983715,0.8778563340264637,1.2790296563163321,-0.640966324102511,0.7267636542227888,-0.33156265978179056,2.4800868086214987,0.3241662649643407,0.8360531857362038,2.4778728678282844,0.7941800291176967,-0.8274553783310311,-1.0
-0.8858360516467015,-0.9875762632712936,-0.48679162016482563,-0.06584010585282163,0.8134620204202345,0.9298908489199698,0.28707282739135154,-0.43300950289611334,-0.7052011749672036,-0.13293095156872847,-0.212016533272062,0.10523177226956895,0.9643322574670918,0.011258335224211456,-0.15736296688973994,0.6693762151927958,-0.07462338621417376,-1.1311536426558475,-0.800837288714897,-0.655540709280703,-0.9505191882682033,-0.7016713786813059,-0.013826231759073201,-0.9053925080656353,-0.3009012362247875,0.7118029895812983,0.5569058420605622,0.3055915965806081,-0.5621114112258775,-0.5413456631922381,0.15072859396073518,0.47324930562495054,-0.1628092343055882,-0.18724957613840182,1.346607119145169,1.37003778130794,0.06999316024256386,-1.2886560210270357,0.21671897166940213,1.6975222866106416,0.37087108716960615,-0.2890782577422525,-0.18840110513463762,0.6935765495779358,0.09445224859082417,-0.011111839806724828,-0.8742398742934798,-0.599908069032287,-0.9403256287213325,-1.015897906032614,0.22297043251989931,-0.7417378848985962,-0.17195143680195943,1.1748685833585928,-0.18659335028405463,1.232717355944132,1.3963707744058256,-0.41151439236008636,1.7985534143187865,0.7422636108330215,1.0
0.6609755242150054,0.1847739627633144,-0.5272434027183007,1.1633552774956453,2.4910117558436506,2.491865790592729,1.3583162623695682,0.37519126765956695,0.017235085976159723,0.7376065310129248,1.5775734450197638,2.278606384120863,2.42817971136239,2.492062532267326,2.4936778946865124,2.1615337034823936,2.211929272763029,1.664996224369064,1.4311500642194368,0.8511866178839518,0.5861491535647525,0.5908242873374268,-0.04202562763620582,-1.4619121074280172,-1.9034920436049882,-1.9760084432617413,-1.5078596266839361,-1.7152909740622544,-1.8533747300917955,-1.867248200716592,-1.8664762384371893,-1.4152261939769264,-0.9439679296079236,-1.252254296793173,-0.8589149422875212,-1.588230984060205,-0.43813185733221194,-0.36469142101595886,-0.5108286217263104,-1.0742401385272615,-1.0425976897103681,0.030575594146599147,-0.06072724298016458,-1.3827181448482129,0.4385326307063341,-0.09749211149575433,-0.9028547330494606,-0.46192166010086116,0.37684482541275766,1.959196594428283,0.7232463565726653,1.6296124580307139,1.3794444458679893,0.43041070203481585,1.2938415923594047,-0.4720778160761245,-0.5705549429394852,0.5449501650241498,1.1679576350046552,0.691475340657612,-1.0
1.6613563583825328,0.5942816821538625,1.0762618213510535,-0.2405205241535162,-0.5396667293449675,-0.4745926477413461,-0.7433974751807935,-0.26314896299551577,0.49465586031650655,-0.17325831499799269,0.7707356056307971,1.3535782570066377,0.668061090132788,-0.6138623164490454,-0.19735785297366604,0.09154865814444813,0.6158243779484281,0.9068049623675143,0.399803217368953,-0.28282066368889286,-1.0108284033097545,-1.629211174176494,-1.7830957648405967,-2.1588792398164873,-1.7756978789523492,-1.8528886404435718,-1.6647797482744944,-0.9927544604136529,0.24174371552298832,0.785235138506349,1.3759101545923085,1.7291599687548165,1.257512888165739,1.2899241720864116,1.3691210384306405,1.3003982509197747,2.214037366839299,2.500000251278377,2.5000001088932935,2.2514898807004893,2.345369209405433,1.8860632136046014,1.5841019497525866,1.1605538189296147,0.013287826247618782,-0.278667425548441,0.09350803327605917,0.4820791047502639,0.44695117053496336,0.22515972924065078,-0.21871549020608821,0.19790723711171512,1.2038599533066814,-0.9294963167478684,-0.8235221860886557,-1.004275289553018,-0.9625348088193137,1.3119450926472633,0.48919695489824117,0.2826587519348406,1.0
0.276021880267832,1.0085346815661473,-0.29752241085606074,-0.4772999225404406,-0.6965599342814057,-0.43582701584085765,-0.22038247443088466,-0.7907738463688753,-1.262297284803481,-0.897310345786791,-0.6783638767555633,-0.9461913988705063,-0.3463765132027389,-0.08615745753164658,-0.564129500165161,-1.1260469859036704,-0.9585435186178813,-1.3797925515765783,-1.5627448466223854,-1.6054991287441256,-1.7965534455507415,-1.1750941232409524,-2.064527903193422,-1.8575850786919519,-0.4316076256035369,0.38406228344597526,0.05222186340993035,-0.3981179532577008,-0.35773046853390567,0.2333855102317413,1.2214573745196975,2.1707842942230404,2.087721769045345,1.2169193277470576,1.7331335030875599,2.047663493007054,2.456694631552837,2.128363123325344,1.2193231892864664,0.20138982747729467,-0.17524261105830172,-0.2934689350617613,0.3651201980463867,0.9418863636340845,0.9581991541567509,0.43948053436854495,0.12483698552577673,0.26592685419627743,0.3506075519378118,-1.259062531133197,-0.529068405822766,0.4085174794126832,1.9365192036188723,-0.9201980440076056,1.5588744216302906,0.45464299585169055,-0.7228038202646494,0.26291414507984573,0.22098567023847787,-0.2439133811838656,1.0
0.4143585596315781,-0.18348161478516795,0.6389537397041152,0.8194368590924432,0.9089522393555975,0.7836078184271552,1.4603329805086394,1.4670507264738246,0.8679926118207459,0.4592933258901679,1.1433760860320028,1.0875269629738602,0.7728442051964962,1.0240802148155406,1.0518535797041069,0.38444103182202033,0.27265900164489465,0.4938347709145847,0.9714083913092704,0.4999466273944094,0.3805405527239837,0.9544155901990731,1.0314649509101546,1.0772042530612682,0.4526527503274272,0.659855409807981,0.8928497162191357,0.06268808439609153,-0.2657618324133376,-0.27211047393092436,-0.23552611376948498,-0.5903444820769307,-1.2966661657124303,-1.2709675983200264,-0.7896420166590618,-1.0777201094541144,-1.053278385328751,-0.91502859209653,-0.6283216858888834,-0.5848754414777405,-0.07220550917223965,0.06438349295295391,-0.8176181412182686,-0.7145964961885328,-0.28902425130259296,-0.1097268737800525,-0.6957666549453428,-1.2864793284633897,-1.01344800429592,-0.5229573618106156,-0.0724068351619698,1.307316131082551,-0.5043393361998575,2.0694275028479527,-0.1919752318064507,0.4942669531811717,0.4914712606925344,-0.1788415428059068,0.2798207174867743,0.037775819367733464,-1.0
-0.6907172283844782,0.00669585964691396,-0.2803310644722686,-0.8938926594480912,-0.05840248827674017,0.4931447367513616,0.650367968029322,0.644827345239196,0.681585593780687,0.8049902259220615,1.0881423715863112,0.982871919146316,0.2216144643380407,-0.6217802328961413,-0.8502166921886104,-0.7755203589830952,-0.49857036978565894,0.008506490400608312,0.5532038487385761,0.5584668791450541,0.834726208231214,0.6810528875720336,0.9074818939700576,1.3433386708678137,1.2472158471080705,1.0272105220730974,0.9761090085121996,0.9888919279476198,0.7768328044094773,0.17124089526167613,-0.5698004847882175,-0.7326649476532024,-1.0106440244566128,-0.7840757300540636,-0.6341185456945474,-1.227918107208925,-1.2532064157003915,-1.292211405949396,-0.9090148718563013,-0.9015852647605206,-1.1828089568209403,-0.9974004965229104,-0.5997339729559816,-0.1318433675582312,0.26756749125723234,0.5602888259072775,0.8177164467765207,0.6046592048753251,0.5155297017229897,-0.14745824778030223,-0.1954198225168548,0.25838156012802765,-0.43420069484565854,-1.0431771861324177,-0.7744353374977139,-0.19195183387558087,-0.646898559694008,-1.0750084190166462,-1.0238631806422471,0.389498207845241,-1.0
0.1872514356644194,-0.3801734878879449,-0.10363150905503173,0.1410803884444758,-0.3981549458706326,0.07769831652721718,0.7816827297664047,0.3931013107665425,0.06301461390689518,0.4150668787994787,0.8506619018831043,0.838522865050868,0.26435935350662976,-0.5974530807013055,-0.661550397653959,-0.4862378281429199,-0.45689442005531483,-0.21947669591018984,0.21639544005358227,0.4743354266212789,0.8093779009878938,0.49567891296915184,0.6734801558906578,1.0397835874913557,0.8227460751379282,0.7534328240809146,0.9062508207101105,1.2535497071003172,0.8777160358272567,0.10740393991728239,-0.49526094466220183,-0.8964360152694408,-1.1998902832018261,-1.228225778760555,-1.1139051608984278,-1.6670157500589944,-1.1768091440995911,-1.1458663727393132,-1.1655375181780427,-1.0839998156473112,-1.1662473153535793,-1.016573357186657,-0.3705823206148352,0.12378535323920481,0.0653757775948397,0.32245741703682473,0.5051975020354609,0.19023844031622214,0.13288397690278186,-0.48523003521558,-0.2523277782043492,-0.059699089128957786,-0.948490476068334,-0.7600322547923071,-0.4269418734380321,-0.6195874031604793,-0.561790578137171,-0.8772317646738578,-1.1824274300688606,-0.6650028236873062,-1.0
-0.30544551972163536,-0.02398815855574798,0.1175734920735865,-0.05370086174225292,-0.20044294309484229,-0.8055659645265759,-0.7842468296606528,-1.5418780811343675,-0.9579513725719451,-0.4273931292710575,-0.7150486098970404,-0.4949023977110049,0.8184856476439807,0.40885247810326353,-0.8110822640372491,-1.1328115620544352,-1.5439355826067518,-0.265300538440344,0.9129278447010154,1.7905837254123715,1.4707733496680269,1.200744801237074,0.0008580705589895359,-0.9590049130257458,-1.497317448369042,0.17955423046841046,1.0994834068273809,0.18947645006645095,-0.6911631103319258,-1.9607891482821487,-1.0441081303974,-0.11472326174117747,-0.5151583202425621,-0.32258927618306743,-0.23912683202524154,-0.8519636693704524,-0.5783295397667144,-0.31238714832601827,-0.8120470667163767,-0.21432331239301292,-0.18223892370019157,-0.6625487467203797,-0.21790672003123715,-0.822201074101498,-0.45479547910249446,-0.26892793358959294,0.3183214722571496,0.4350886608226823,0.9103644475223933,1.7760536682299084,-0.8700593214458958,0.19316657685409488,0.31374977741256804,0.5142025582977496,-0.5189307567080442,-0.6081751746470605,-0.24211795448496165,0.2344839929431124,-0.34828266518275564,-0.8949125505448127,1.0
-0.3715893806425057,-0.6120656532940533,-0.8194658433434492,-0.6290347315312054,-0.25665254379972113,-0.7544069215655352,-1.005772467146422,-1.0222519739015257,-0.674662729476057,-0.7454396422338985,-0.7133311138828362,-0.8136812788991695,-1.0458518078558316,-0.8573473018744643,-0.7860843515133221,-0.8180641777138953,-1.023600325452981,-1.11175203502173,-1.4612238301823726,-1.6221993835401023,-1.3566791759371957,-1.3368766136598993,-0.8838392771187243,-0.12004673213420924,0.968219738661035,1.2949250320979568,0.4520055037191597,-0.36279746517077693,-0.490900028220288,-0.9791242397065933,-1.1225892820169265,-1.6079988123980198,-1.4099016155253556,-1.087022831650163,-0.797765923989024,-1.0662458964029347,-1.4078378235477695,-1.0918547293152359,-0.771696361779068,-0.37250391360175616,0.16467124014235443,0.06972421994319794,-0.3924225716441142,-1.1029114217756466,-0.561522991547194,-0.5475252325091485,-0.8981535652091062,-1.0972843760777167,-0.4976649217905825,-0.8274001409180948,-0.17474338785116633,-0.537930694387855,-0.6385622075853177,-0.39730045932181607,-0.08723160293399507,-0.6840191161455361,-0.892595602350192,-0.952418151776181,-0.5043555822380545,-0.8578629090006153,1.0
-0.38132976407001923,-0.6442245803125092,-0.23656829428077453,-0.37451057115962416,-0.6210215967967747,-0.9708726911352858,-0.8255998083568561,-0.4871813540034106,-0.05099647726249027,0.331657500249757,0.596083728021368,0.47512562873299796,0.5848666846414394,0.020783185615160574,-0.18140527529907122,-0.8372997027001237,-0.8001765860403085,-0.8653775322262401,-0.5345832307143572,-0.08181372624898685,0.4919500602111804,0.8133242222183151,0.901272033736742,1.1153494958055514,1.1238604483408838,1.2160376808158897,1.0216316726351566,0.7083962647282063,0.5807636725073512,0.2126696779380896,0.17183937877192745,-0.17272167255183643,-0.7407844157244075,-0.47207409145391455,-0.09714844199075796,-0.05678120175269013,0.5118008023826184,0.4773002315689033,0.24514363359123278,-0.01566425240980348,-0.561073036362593,-0.8850883668187337,-0.36999717974911717,-0.35126866436408877,-0.758358294189018,-0.16125743468560497,-0.5143150727856499,-1.3296749239022736,-0.6300258823074588,-0.35360989141324456,-0.28800488535496577,-0.733379862375831,-0.6827473083086608,0.3589320021425751,0.22007102199341366,-0.7873458545869007,-0.36303222835367555,0.3668179111011033,0.03988737886439071,-0.5530721883573875,-1.0
0.23265791201587083,0.35692033063156264,-0.8973366813988828,-0.5727657036185869,-0.5500396825754124,-0.5011926170613116,-0.4382452832413634,-0.2299480357366194,-0.45113020325308806,-0.4466919491120546,-0.22200051100018325,-0.031089503341886905,0.14789084195324564,-0.06196063910346568,0.42111256975083855,0.5491468141987175,0.5312756528601138,0.440397423560197,0.4043358570583774,0.3383727362028352,0.5080716711122729,0.5489677103797195,1.1758904290661205,1.1448173757221551,1.2079163238402513,1.2134877809877316,1.04015085795345,1.2138847811640803,0.7356068233572736,0.06564206741873904,0.17138783801589083,0.19231534127623112,-0.29310225649739907,-1.0309676506761833,-1.0691958783449842,-1.035332060055397,-0.26097062128720827,-0.019634923297891946,-0.12723092743494946,-0.06861372272790812,0.029419412698533928,-0.044944705883536946,-0.3157309929132566,-0.018675939989729953,-0.07117314456107679,-0.3173895764868805,-0.23255647996014095,-0.2886482014353108,-0.22720458952044992,-1.0660902768094704,-0.11520895114699055,-0.8800454874252812,0.19769951548654602,-0.03407540758355769,0.26401066413099555,0.33365365854793755,-0.430786360651754,-0.8379665754011665,-0.007578545904266327,-0.6435159547116582,-1.0
1.8125834485929009,2.499696712183991,2.499715955004674,2.5,1.6923860735482217,-0.34089019741025717,-0.8125651986814822,-0.47030671756155135,-0.1666203719289537,-0.621458856825039,0.5765248144299316,-0.24782232620054243,-0.3184215134408244,0.09071574185500093,0.741587279670147,0.6693424462088254,0.46567588384818576,-0.29742751401760337,-0.17985824706151132,0.1251547150129112,0.7412719846721085,0.6238826723508385,-0.3033488313586583,-0.19626202594264638,-0.024231444961570498,0.05582531277491979,0.2216528846307201,0.4791227259812463,0.8550838683398403,1.5747547791533167,2.0870510779574882,1.688718757732425,0.09191817870562491,0.006774159969281027,0.3962374988056726,-1.421046912152797,0.00687708089638115,0.171435922504145,-0.2092787864218728,-1.501415034569403,1.4236812540586166,2.4693819368708714,1.3095581503930853,0.7344836168027573,2.5,2.4999990319746037,1.6143299693107742,0.45094405566880047,1.7495705963840242,1.2415541708333822,1.0842741379623417,0.43752704020718314,1.2723879065083836,0.35020284962199294,0.4807486319738876,0.9717690211582699,0.9465089556390344,0.795338212089772,1.2056897255459038,2.49972005554829,-1.0
-0.4288169185371162,-0.5290740258393236,-1.0201318792231042,-0.6630352462461943,-0.8020397703312121,-0.8359663354246795,-0.35613327444036963,-0.8358304519253391,-0.9472651532073441,-1.3969731341859748,-0.928682503965035,-1.1926168261891623,0.20036212869472642,0.5537904643356758,0.7632336334504158,0.37252047761679574,-0.4412139592744441,-0.11217318826007996,0.5392087638110448,1.7473920212587073,1.1004935820982622,-0.35720299323364063,-1.3500776717297398,-0.3444712091057806,0.4297402573628438,-0.44114347437498186,-1.0902664246211626,-0.6485569838060217,-0.7251414652577669,0.21252403436151224,-0.5998443568450335,-1.3449577200006728,-0.14534327870293043,0.5686201756299099,-0.20033902172928583,-0.05880565941407251,0.1160450963005134,0.8204486070931089,1.6723204409977475,1.3655416903605757,0.41009511950916416,-0.4798127154595915,-0.40995865444706925,-0.9878931296981911,-0.16736905699758922,0.016633756288652508,-0.7934558919827345,-0.46846881667920914,-0.24686771087240442,1.2422907073899527,0.8671672752288646,0.35335190738052563,-0.4812527405161494,2.2929562182622174,1.6031961451108732,0.12168155720798106,0.29667783206610193,0.2571836726809315,-0.9744123373218653,-0.25193478841803313,1.0
-0.7545524896595838,-0.4795546640947636,-0.4317957111651578,-0.2099340433835482,0.807283621853581,1.6686531767922563,0.42407951598268256,-0.4684925358359657,-0.3549408899095887,-0.22520295409947275,0.46783543197902644,0.48865078252623473,0.6415443053049098,0.845322818302293,0.9939779260435498,1.1308557688575458,1.245011962383279,1.361262322472452,1.5055860155438718,1.4396609062194299,1.6166519056617805,1.472223491414684,0.9235518527656754,0.31831311110898014,-0.16938819716095035,-0.07904222296108619,0.046985667187295126,-0.03559640203855043,-0.37193960727002584,-0.4603128719788709,-0.4861875298634622,-0.8583123082253196,-1.438375474314711,-1.1137966297374495,-0.4817630070552399,-0.6300753235966547,-0.27822843974030503,-0.5925141967242451,-0.48287868539816753,-0.5122971864047517,-0.31803672167042657,0.06490883252365515,0.07104961826587265,-0.10840777977934851,-0.15134357511861243,-0.47050817573206294,-0.2937593670877331,0.43322410157659574,0.8674441454332943,-0.2007143005403586,0.4191231321163371,1.5110414290701257,0.6119657750171859,1.9565237540390905,0.059602930045584,-0.6957340326606075,-0.46764790629777603,0.9728590454518422,0.36655213495014133,-0.767068689828917,-1.0
-0.9234472992864063,-0.7200525697629381,-0.3982559070472463,-0.13897301494118536,0.3776445779414423,-0.5200522202205073,-1.3526212941019409,-1.3361997503099783,-0.9459390209635519,-0.23567482675870757,-0.01579646573451435,-0.8110991564614647,-0.7651163953731294,-1.3622707067728128,-0.5507107980149896,0.6061030887343546,1.1646847853389908,1.3137130628307299,0.45603166380380733,-0.8088446305987955,-0.8576532891981966,-1.421195501035401,-1.1052543918093838,0.27885400883976935,0.8195693019033448,0.5229006525048072,0.33808627626147086,0.3875979626174614,-0.32384985013714207,-1.006271346577213,-0.7651987473936872,-0.23591567457557353,-0.4089335184043828,-1.0479537935930074,-0.5494430594614907,-0.5224212442435755,-1.03508517553203,-1.118527417722839,-0.8217077771897672,-0.7180838084511971,-1.0272772522925957,-1.157185135448392,-1.1716807787473649,-0.9263960650109176,-0.4007023025427306,-0.5104936872294714,-0.9285658091054733,-0.8262789234478916,-0.9487294092095545,-0.20444990334646718,-0.9091208766705549,1.1898353467022857,0.1052961442998484,0.3826648398488571,0.3483331688441333,-0.4042264135980391,-0.36655597446507937,-0.7679049924993381,-0.12443340309878367,-0.4131828550236107,1.0
0.8333934548789974,-0.31379482998077085,0.37935942468221534,1.7232611453416962,1.7229382864534,1.3824097966214897,1.5305101946194017,-0.6306393117997223,-0.4443910436346997,-0.06147400974367212,-0.43536862178067715,0.3074897406341411,-0.36469986760750694,0.1329515186071244,0.1180531534577448,-0.3680877282985803,-0.4333486164426801,-0.5842045132011104,-0.7448551654177233,-1.4513105330177019,-0.8014430175158195,-0.7994362721892755,-1.1261758315661825,-0.5311588648443186,-0.5880158748603588,-0.9968503187719401,-0.6666160195082839,-0.6224013469584435,-0.9989729655799681,-1.032473361119707,-0.3708687219708107,0.07876300683546641,0.6506650692604905,0.6896346819104187,0.9206686050744493,0.6454263400385317,1.366854818996707,1.1946655989395625,1.0039934275090059,1.35334604693744,1.9702222919321155,1.1539641873944684,0.8128149641551705,0.5913392218316671,0.4091527694147074,0.6796313364836362,0.5508470095023573,1.1825543712423436,1.1348944366206062,0.2493087235944477,0.8717848754391433,-0.3412063668385901,0.28829863656505844,0.6601390011166648,-0.39259194660886143,0.6079171164475896,1.8940309546481104,0.8670414410246429,2.374342773130575,2.3690750955228372,-1.0
-0.3107520292013315,-0.684977531679698,-0.2319492062471977,-0.33233659934143167,-0.471862040423313,-0.838708832756897,-0.6895724415229776,-0.5354749029432571,-0.28343892289758305,0.004475939267641328,0.20145058392607237,-0.21238917614173836,-0.7464215065354017,-0.7451242713836422,-0.6847176463012006,-0.8521124384117127,-0.39404254766948327,-0.32420038423736214,-0.26012873986052504,-0.5677988304048139,-0.2785919692592776,0.13544046214586875,0.46329127350791743,0.7059482648687132,0.9176501302576786,0.778637913146218,0.44515557251000876,-0.05337322858646655,-0.4279232031575648,-0.28003387827826565,0.3041946794868672,0.5910650856946922,0.5052180829291814,0.09263313300288158,-0.19504343063990937,-0.8112550122798112,-0.8194979956980496,-0.8133112314087283,-0.2706014993523234,0.34788812067747416,0.8673246109891171,0.7892913570333497,0.8461207835529061,0.696051119700737,0.1794786356946651,0.170263551276715,0.47221530657868044,0.6499286735018128,0.8338461974391702,0.1362940531809846,0.351208853869342,-0.032431472598685576,-0.5482417040494051,-1.2968747321573177,-0.9034340046355727,-0.5549332292535185,-0.8124728346662723,-0.8633139297714367,-0.8921788050751001,-0.6309280286165951,-1.0
1.4668656583019013,2.037287456150632,2.4745735987740476,1.8283195181229235,1.216171820333102,0.242644796853906,-0.5330926373702721,-0.5085770493363665,0.2697787427066658,1.1071640573913655,2.5,2.426882814188026,1.6760268312375632,1.4601855344716141,1.6242997105253354,1.9198470026542924,2.124210257198773,1.8092357855508512,1.1034966658190069,0.649773088124095,0.7227374042732616,-0.8013871141287658,-2.295287691722625,-2.4743176906807722,-1.6313691828845156,-1.7276232760252397,-1.9316060117570215,-2.090232149447257,-2.475009147548598,-1.4721775018801238,-1.4063233492811795,-1.163774048453431,-0.8305267301365408,-0.8878336131837758,-0.4706101917077584,-2.1263161593702904,-1.0377049373603755,-0.6454977937061976,-0.7264631539084567,-1.5901515356926035,-0.9167800927065893,-0.5842774522268152,-0.6610003999209872,-0.277733101622951,0.1071123986913983,-1.0849940280388457,-0.4938981405101445,-0.24643451926656298,-0.2384046450667271,-1.031561513515226,0.7939358183752521,-0.06809791835242851,2.166446738783458,-0.019978593663151474,0.6299490839539976,1.8050768894383449,2.476343073832029,-0.34659614200568484,0.536264309506545,1.2949126451380235,-1.0
-0.07503788150853286,-0.4427836192496914,0.49958786697359514,0.1723616435509367,0.721278618964915,-0.13532684828392633,1.0255139807365095,0.4736217555013733,-0.28108903247492273,-0.19601988959624544,0.3689588922924833,-0.9603611015601291,-0.7249256244358171,0.6663951863348706,0.9639380322990468,1.5929401622495327,1.8854449529730477,1.9277052401611399,0.9510992080457268,-0.4290833816487563,-0.2473268025312707,0.30400150618858757,0.5564945907195755,0.7203620698223594,0.23019682489569637,-0.26999962084948337,-0.5252274954907998,-1.2483715534292679,-1.2671751161901097,-0.6296855287635218,-1.2034703954940047,-1.1380832606168299,-1.1363706641319054,-1.4805091121094058,-0.11172716521935121,0.4371356278607317,0.45282291150892817,-0.48637859667728406,-1.190471534506809,0.05847392105606826,0.6910732479939522,0.09406246581354252,-0.545714938589955,-0.29460627336526524,0.1293574856789056,-0.6793767218612528,0.0067908331976659535,0.6501635192521423,0.9462970780002002,-1.0659189181154156,0.8264428500390781,-0.09984333311556945,0.017181580330640652,-0.3468756958305421,-0.6818416959666098,-0.15124714556488159,0.46243136932055556,1.3320903649562457,2.383322891439054,2.2472850739252426,1.0
