1.0,-0.18290972071956896,0.3094413558804773,-0.25606832909680594,-0.14072245841332393,-0.8738064826304286,-0.9941910672262945,-0.1460312946960104,0.26194428483390286,-1.0,0.9650025392450036,-0.9953598176317339,0.6230705323522953,0.8670835767293447,-0.9944299890701773,0.995249958495899,0.9118940940824574,0.247292955421923,0.39246872142898015,-0.6626123904233719,-0.7389002729702386,-0.22958670324657504,-0.1538613551777722,0.983362725392552,-0.09327419424349498,-0.5101326980412796,-0.5192115296279789,-0.10647162475578437,-0.0883448241395251,0.01612879044090736,-0.17141453924010333,0.11744811161028228,0.2929688193072462,0.13630290915800417,0.10813929693652274,-1.0
1.0,-0.18354941655374168,0.3102263540470317,-0.2567442932424301,-0.14080238643976514,-0.8756072095732075,-0.9970865477728612,-0.14638530872682495,0.2624977332369041,0.629760802049733,-1.0,0.28958356178459377,-0.9010223450401077,-0.987753526670136,0.6108521809216185,-0.7636688098899906,0.9957627218172629,-0.22586233974599024,0.7635021057063168,-0.9971896047377506,0.42580950664455053,-0.23017749239206764,0.22059194015945058,-0.817989093025189,-0.9993290873952239,0.9975019891873987,-0.5189071112745052,-0.10646985764856957,-0.0886310516923099,0.18801662545467487,0.10583840267448802,0.5631124773909709,-0.29016041051688685,0.14217305296285823,0.10857293383793018,-1.0
1.0,-0.1834390417981172,0.31009090845529386,-0.25662766065958,-0.14078859545362893,-0.8769395400767251,-0.9977648130847637,-0.14632422624035454,0.26240223983368965,0.6244734936674871,-1.0,0.7459387325704951,-0.9019986015973491,-0.9884945060060701,0.6105948626434473,-0.7627328934586485,0.9973515345706288,0.9993720028432597,-0.7292182893166949,-0.4768475836315361,0.7773576411937713,-0.9977638648484944,-0.9967837180968578,-0.8267311761768613,-0.9996355636885852,0.6941462948249482,0.10112491065235484,-0.5216333642866913,-0.08858166525816182,0.18630281123177436,0.10580211546209758,0.11770618288025406,0.2938533294854154,0.3925206221741198,0.10715561283530417,-1.0
-0.8637560138992514,-0.18602851699420733,0.3132685644145959,-0.259363949210547,-0.14111214241083872,-0.8833855883469,0.7004174066728855,-0.14775726754257737,0.26464258725234246,0.6342099626641673,-1.0000138433300296,0.7530951091811828,-0.908988093496215,-0.9950128581254495,0.6166317439445498,1.0000194926527746,0.3595576931724652,1.0000376780011373,-0.7337554581631845,0.27383341821435525,1.0000006343531036,-1.00004104555465,-1.0000585484420017,0.0013995269712412566,-0.1552985646733405,0.21843443845031055,0.23161816393213097,0.724088394685551,-0.08974030833230162,1.0000031354048902,-0.3135736957603272,0.11896868531758212,0.2964091249426225,0.13674232711506845,0.10931158327716958,1.0
-0.8648823472869737,-0.1860970536966834,0.3133526687388346,-0.25943637168246764,-0.14112070586103598,1.0000076799239495,0.7005875629626753,-0.14779519643476519,0.264701883446797,0.6345565657276172,0.9756318581776201,-0.16943902843964528,-0.9091199818712956,0.8767890475203672,0.6167915245591986,1.0000194926527746,-0.20279112268281477,0.9663149796778847,0.39693355478841513,0.7143222655997526,0.7829267879591789,0.5205335201543708,0.22279586439605525,-0.8264183886852554,0.26964038593472317,0.45165633604703315,0.4774797154625056,1.000147191177006,-0.089770974613993,-0.6770801700435716,-0.4537641927573416,-0.3304246951433205,0.2965098558362723,-0.34892737289858483,0.10938904805440153,1.0
-0.8484032809069958,-0.1828003396843855,-0.9978409224309691,-0.25595274657532574,-0.1407087915901976,0.9953166389974559,0.6924028005881487,-0.14597076214465782,0.26184965117268505,-0.5049537130875446,-1.0,0.7441578185208867,-0.8994947295498541,0.8722502883455422,0.6091058470885546,-0.7612965415039459,-0.20121546611271562,-0.9963461660828965,-0.9986952349744639,0.27031163944911935,0.7749730698077705,-0.9973272646465402,-0.002523732897409734,-0.1922987778107883,0.6249446498474721,0.04468601926997326,0.6011711751765257,-0.10808125653856554,-0.08829588233914148,0.18667507766439914,0.9978022991477745,-0.32676102220885356,0.2930967723269395,0.13667126726651205,0.10764862325354223,-1.0
1.0,-0.18675318059534865,0.3141578301690925,-0.2601296984715897,-0.14120268689877982,-0.8858809123625269,-1.0,-0.14815830358010698,0.26526954758500576,0.6360933453577943,0.22615045026199607,-1.0,0.6314791709044676,-0.9906443724094793,-1.0,-0.7721553183724308,0.5485730912385381,-0.10868292742078006,-0.7353766335889871,0.1484983949226219,-0.512962793789023,0.27023492665466453,1.0,-0.11641097177106521,-0.8971628460258116,0.5035151397881643,-0.10810021788352762,0.7261379616395512,-0.09006455413504982,1.0,0.10689168397526508,0.7950352712186907,0.2971834675912379,0.3960363818047123,0.10971358105725967,1.0
-0.8644332661476706,-0.18629775535329945,0.31359895834135737,-0.25964845235708534,-0.14114578291587965,-0.8843010288663468,0.7010858456057846,-0.14790626672591764,0.2648755253646763,0.634717752433884,-1.0000138433300296,0.7538685011618165,1.0000136508984003,0.8780260941503066,-1.0000123156242748,-0.7708777554514803,1.0000583705546235,-0.9447123949121875,-0.36108293406587455,0.4630112324958059,-0.15863293522819163,0.541033337483649,0.07167338803086169,0.9971366384468577,0.8159577276769585,-0.4451334761343338,0.09313251317305189,0.7247318790791841,-0.08986077720615075,-1.000005777424033,-1.0000005985518703,0.006662739206002149,0.296790984576762,-0.1064276090566629,0.10936803242974082,1.0
-0.8651011900774742,-0.18610975787763673,0.3133682585839366,-0.25944979614225194,-0.14112229320960978,1.0000076799239495,0.700619103673851,-0.14780222705486196,0.2647128747780211,0.6345981172416034,0.9756787677886525,1.0000376119926133,-0.9091403238008974,0.8768303811381946,0.6168211420022295,-0.7704367167835324,-0.20275351269728736,1.0000177065068665,0.02379488393991142,0.46267989892036376,0.6652779890916205,1.0000008978278052,0.3741022568342797,-0.8264370880264381,0.9976668168779289,0.45167040979416406,0.4776067250271473,0.9995868790645184,-0.08977665901351571,-1.0000395989610646,0.10668014994569439,-0.3304388134334277,0.2965000019638705,0.39535381545586934,0.10941256254206164,1.0
1.0000097032530284,-0.18678185666078181,0.3141930197974698,-0.2601600003603049,-0.14120626988480386,-0.8862751260433738,-1.0000080826878246,-0.14817417319958534,0.2652943573800671,-1.000035528248953,0.22168843519991235,-1.0000048538640913,0.6310643720651671,-0.9958107618711203,-1.0000123156242748,-0.7719307105931483,0.5480783620126852,0.490394164742812,-0.3621118306095863,-1.0000115738674713,-0.5124126421193206,-0.23199488693598472,-1.0000585484420017,-0.11960961523466411,-0.3754395376732508,0.5035521114260757,-0.11319381965843052,-0.10909894097675252,-0.09007738504555059,1.0000031354048902,1.0001062295314966,0.7951180258311955,0.2972321310879136,-0.10677796061248422,0.10929055869718808,1.0
-0.8625589131034089,-0.18592856025412755,0.31314590321659985,-0.2592583253053607,-0.14109965312406667,1.0000076799239495,0.7001692437568361,-0.14770195048961357,0.26455610724887524,0.6334757479128517,0.9734020611519179,-0.16945264674050375,-0.9087671812191999,0.8777539070906257,0.6163987133389459,-0.7698599953654592,-0.20287748123998078,0.6080390709578664,0.7693293029761843,0.022210367381209833,0.9003730999920116,0.5204059898191694,0.37435962646114884,-0.8271673821363493,0.8754206972454278,0.4514696782795838,0.47523281943375845,1.0001935929318027,-0.0896955833685589,-0.3304605588688321,-0.45348364531003976,-0.33023744660971505,-0.6845282499802605,-0.10616041688963372,0.10910629903016225,1.0
1.0,-0.1832675710840963,0.3098804893951355,-0.25644646821062916,-0.14076717071534015,-0.8747535965219067,-0.9975057087638668,-0.14622933264338484,0.2622538877766267,-1.0,-1.0,0.2893232741252155,0.9972988546233523,-0.9902782057315899,0.6101951104657728,-0.7629815428363333,0.17066342787789276,-0.9954717218482194,0.9959176492623266,0.4576707257483524,0.5418218610379697,-0.2301036826268916,0.21994120893400942,-0.8161862064255512,0.3878182354114908,0.4485218229164274,0.4748888101203791,-0.518190693180709,-0.08850494185266758,0.18797590545866452,0.10574574211669077,0.7849763506051101,0.29328793434481154,0.3923387197698977,0.10853808831488898,-1.0
-0.8717080686201449,-0.18696583716323187,0.3144187901538872,-0.2603544118539952,-0.1412292576818297,1.0,0.7027444944415596,-0.14827598983734866,0.26545353258400317,0.638053514608109,-1.0,0.7559977727349112,-0.9114765241147355,0.8759664728021609,0.6188169321293213,-0.7730172731499189,-0.2028483915577276,1.0,-0.36111011678689003,-0.1669192988281811,0.4307127864103414,0.2701308282298238,0.2983272180846879,-0.8262109286075153,1.0,0.5403401295536551,0.3553256273506619,0.7275932483223883,-0.09015970587047387,0.19064800166277174,0.10696159773379212,-0.33139018334187287,0.29738314653791437,0.4126441164486971,0.11006022771824873,1.0
-0.8583546011771037,-0.1864658263587182,-1.0,-0.25982605234629574,-0.14116678287045997,1.0,0.7015031160251578,-0.14799927889007522,0.2650209360806945,-1.0,0.9699237259184684,-0.17022267639208846,1.0,0.8841612351942,0.6176512496463226,1.0,-0.20402844367771156,-0.5855875362555469,0.02250893650939716,0.7783013526027429,-1.0,0.7730818144228754,-0.15392293107054636,-0.8328544835517424,-0.21736607514908704,0.4520648640042067,0.4698677040599478,-0.5263435844161047,-0.0899359794348851,-1.0,0.10679721233474096,0.006677501712478324,0.2971233824035918,0.1368039411388781,0.1087010624109732,1.0
1.0,-0.18696066565831068,0.3144124439793591,-0.260348947145106,-0.14122861151875607,-0.8860140022963537,-1.0,-0.14827312787542005,0.26544905833126914,0.6378277353486034,0.9818061112578944,-1.0,-0.9114815593567553,0.8763731674847659,-1.0,0.2927437281736091,0.549366837035791,-1.0,1.0,0.1486318691052782,-0.6319219996322788,-0.23287579913787956,-0.5363072964393576,-0.2923037890060385,0.027571284643778244,0.5549522454505115,-0.051459329017053815,-0.5246761499791018,-0.09015739191599437,0.19052486412843575,-0.17412111960428145,0.11942315576912328,0.29746854867914263,0.380653682436477,0.11005046477132559,1.0
-0.8620549012616434,-0.18670894097787763,-1.0,-0.26008295063582004,-0.14119715929387452,1.0,0.7021066974638911,-0.1481338209358157,0.26523127260372115,0.6339620444378787,-1.0,0.7545946871123332,-1.0,-0.22874086030789878,0.6182180263043456,-0.7717412452627013,-0.767340496471768,-0.46674592724929764,0.022961218325259575,0.5267893191226978,1.0,-1.0,0.07276001030604212,-0.8316302209544867,0.9718977052343034,0.7225621747363576,0.07836898666886556,-0.5260345504345786,-0.09004475941856761,0.01566839052821062,-0.4547830063821159,-0.3311046919106337,0.29720641347005256,-0.10672519041201221,0.1091132632590482,1.0
1.0,-0.1826092723859369,0.30907266285656826,-0.2557508464891925,-0.14068491831785807,-0.8719655376715469,-0.995328878936356,-0.14586502360258657,0.26168434465322293,0.6299491571756882,0.9702430240350923,-0.9960169959657637,0.6230043858990012,0.8607147364790144,-0.9955210024986441,-0.7615939630911949,0.7264661526994768,-0.9334828521591283,0.02450387231831284,-0.16484623137958043,-0.8552985153701714,0.2654992939591463,0.0690293163227728,0.2698187962085795,-0.6913410010237983,0.04475175623505721,0.2886961401660611,-0.5159581197255001,-0.08821039057465734,0.18822296917422981,0.10552931740472234,0.11730162758325027,0.2924724030131315,-0.23432834753894416,0.10872326361628626,-1.0
1.0,-0.18324236211384695,0.30984955438734063,-0.2564198299877663,-0.14076402093183998,-0.8746175615805197,-0.9974351214271174,-0.14621538174865345,0.26223207762295214,-1.0,-1.0,0.7461917632927246,0.9972804461708883,-0.9905787839411552,-0.9981488027504659,-0.7629161072586303,0.17067382118536142,0.9989869215674897,0.3933241515430873,0.6444577362141253,-0.04108931548354746,0.26663193724511836,0.36977747217740764,-0.3181233150101197,-0.21300045430754788,0.30422234175568097,0.3272134069437441,0.995142773103206,-0.08849366227018439,0.18794220484911878,0.10573745432242909,0.11761029141087034,0.2933245980243483,0.3923119771720249,0.10852644325518028,-1.0
1.0,-0.18712364386358807,0.31461244151868556,-0.26052116559292343,-0.14124897514459422,-0.8880838984174872,-1.0,-0.14836332163386362,0.26559006288825937,-1.0,0.9720038663243347,1.0,-0.912978481987851,0.8858247518079574,-1.0,-0.7725725441944176,-0.053590170636209356,-0.8265840140273049,0.3971179684236085,-0.1669943910057454,0.19618071566501397,1.0,-0.5339357020485024,0.9906428091647316,-1.0,-0.2639978832363141,-0.2665916767733119,-0.5274879344235809,-0.09023031540634928,0.18925090550870305,-1.0,0.7961043699221053,0.2976913140050503,0.6735236840874097,0.109003174950271,1.0
1.0000097032530284,-0.1871187074200718,0.3146063837971695,-0.26051594927176513,-0.14124835835103597,-0.887283023258286,-1.0000080826878246,-0.14836058975690739,0.2655857920040284,-1.000035528248953,0.977093902386202,1.0000376119926133,-0.9124572909234068,0.8813099376562558,0.6191733207918102,-0.7729986862106979,0.1727711528528462,0.6105177352592954,0.772506501517459,-0.23013715773236795,0.7860500681518764,1.0000148821251913,0.22404669462850973,0.9977963293167177,-0.4603304359198977,-0.3298167377021038,-0.22846115457591226,-0.5261810265663825,-0.09022810662819597,0.7118091012404737,0.10701185592447078,0.7960901241224331,-0.6872518686728384,-0.10702174468372681,0.1094799860549405,1.0
-0.8548616919760653,-0.18177758667589403,0.3080520656900627,-0.2548720073770324,-0.14058100174914717,0.9893977774648741,0.6898636084377843,-0.14540476046784218,0.26096479154328434,0.6266503019565653,0.9644169349762838,0.9902812449399525,0.9897432353014624,0.8604399257888988,0.9906527816455697,0.9920904861986166,-0.19929949906274097,-0.9889620823713925,-0.7223899025211797,-0.4741975792918163,-0.504464557373843,0.9926028115683837,-0.15381967035327962,0.35437291392377923,0.7441416654952915,0.3535881396265137,-0.23072202269873454,-0.515393338767774,-0.08783825845783833,-0.1540514423699192,-0.7224851513609508,0.22752553800191605,0.2915705422948846,0.46350457980455717,0.1080880586827304,-1.0
-0.858389329622469,-0.18271170512381926,0.30919836246049137,-0.25585908677425195,-0.14069771697514716,0.995301321388581,0.6921827472838338,-0.14592171089844982,0.261772966828277,-0.9996583316057404,-1.0,0.28863540994335046,-0.898139589930239,-0.9902364603199011,0.608899212045801,-0.7615369822660368,0.17069601416207664,0.9983507108959603,-0.7247804563925131,-0.7864800038837495,0.9984094423971679,0.2660092558197091,0.21933683200097964,-0.8137271987068186,-0.45242531517769746,0.44790603219188635,0.47478269014886093,0.3055897924269607,-0.08825622340776046,0.016466466768331835,-0.1712822379800301,-0.32666252169061066,0.29276274077157644,-0.10383232939632003,0.10841056779123753,-1.0
-0.8698818909609811,-0.18631113261834728,0.31361537415630325,-0.259662588061856,-0.14114745436387358,1.0,0.7011190573840277,-0.14791366983725543,0.26488709903065444,-1.0,0.9803954956098474,-0.16926239201419901,1.0,0.8738401620953445,0.6172906098732397,-0.7712218848510464,-0.2023688813687518,1.0,-0.3602306750712373,0.08524936909352727,1.0,-0.48350414795511354,-0.23240631808962056,-0.17274741724689854,0.11281330417711581,0.2112206685218481,0.35473860055780243,0.30959109521599587,-0.08986676277241469,-0.6769910411625437,0.9480448406777899,-0.33066260329959146,0.29661419610124146,0.39556744114493436,0.10994146048180412,1.0
-0.8619991048816632,-0.1855805327376241,0.3127188237398971,-0.25889056595777044,-0.14105616815689787,-0.8822811483086922,-1.0000080826878246,-0.1475093486040422,0.26425500278210634,0.6330042269772866,-1.0000138433300296,0.7518736951105839,-0.9076378197698156,-0.9940459452313444,-1.0000123156242748,-0.7689568214660145,1.0000479177132717,-0.7038778808610476,-0.7327619079821717,0.1477440359709977,0.19425802374031978,-0.7321428405432501,0.5248184163688311,0.9967581120259905,-0.2567915359088223,-0.661867286499535,0.3688369567937859,0.9997501299014803,-0.08953986082208694,0.18910205702056695,0.10650615993378414,0.7916511940084338,0.29594320982817074,0.644753750790826,0.10906883604315332,1.0
-0.8706000007541161,-0.18584720217356995,0.3130460652303431,-0.2591723545324826,-0.14108948768240265,1.0000076799239495,0.6999672557915653,-0.1476569261195397,0.2644857183277037,0.6366724189454323,0.980785906256059,-0.1688615299895638,1.0000136508984003,0.8706969770244033,0.6162090420592001,-0.7701145532836212,0.17287843889076496,0.7259933073670791,-0.35933945950280505,-0.1663869973701656,1.0000071966072992,-0.4829948612067728,0.22102140236385406,0.7156742975273946,0.270602184710926,-0.036454327047248554,0.09012749229678331,-0.5219521632063081,-0.08965918024851904,0.19024662740462472,1.000074985683267,-0.3301470325197637,0.2960829947075132,-0.10610153679648827,0.10996135956010952,1.0
-0.8564401001125288,-0.18251040654231368,0.30895134034567096,-0.2556463753312244,-0.14067256533623218,0.9949467070031238,0.6916829826530276,-0.14581031026306035,0.26159880846619504,-0.9992703270469537,0.9659045890382916,-0.1672632602464388,-0.8976616942951993,0.8637555828200925,0.6084299217245926,-0.7610876387655467,-0.9981016091471319,0.9981923678985648,-0.7244981565023364,-0.16479918615699787,0.4241150998042113,0.5135883360435224,0.2193811732738143,0.20860642377839406,0.2665317410988887,0.3973210731733032,-0.189779628534159,0.9965171343482666,-0.08816615372555547,0.1876354379502525,-0.1711477432392257,-0.32643881646042616,0.29268908176126973,0.1362466484075768,0.10827984791029056,-1.0
1.0,-0.18658217828059376,0.31394798590166045,-0.25994900097828644,-0.14118132068547648,-0.8844684597391183,-1.0,-0.14806366919991415,0.26512160077490243,0.6383205169838218,-1.0,0.292823471277067,-0.910021093199936,-0.9940656324626632,-1.0,-0.772116126271482,-0.20209644183728592,-1.0,0.024898665301956925,0.14838838992307576,-0.2777252602662505,0.26945234683799413,0.06992491089116797,-0.28976146356982596,-0.0934117813532699,0.5543955787645616,-0.05860219860396447,1.0,-0.08998804031159614,1.0,0.1068354646225096,0.7945417854435793,0.29691170666779115,1.0,0.1102111619339998,1.0
-0.872128677027212,-0.18680617044022665,0.31422285627721236,-0.260185692637578,-0.1412093078161692,1.0,0.7023480893600951,-0.14818762868642865,0.26531539303697005,0.6380259978817518,-1.0,0.293186222156668,-0.9108276633971197,0.8745843468387071,0.6184446987687857,-0.7726123689271888,-0.9543361284205647,1.0,0.39871037228315037,0.4639072816989581,1.0,0.26984481150632905,0.6013224387981552,-0.825068187410681,0.6361309335486607,0.72276315464573,0.08895695784593072,-0.5239979609863622,-0.09008826408064144,0.6250349621631109,0.10690910511216983,0.006707395814178989,0.29713517580229415,-0.10679555686815684,0.11010326776498042,1.0
-0.8731242861652615,-0.1862578122687158,0.3135499424705706,-0.2596062446518652,-0.14114079215012806,1.0,0.7009866787818633,-0.147884161825914,0.2648409676337787,0.6380746341190819,-1.0,0.2927394709541716,-0.908879033593177,0.8707638217970454,-1.0,-0.7713187697073418,-0.20191207812028056,-1.0,0.39832574313195773,0.4629408353532115,1.0,-0.23283898218151783,-0.15756233734525413,-0.6586527084831687,0.2712703837545702,0.08724700921101494,0.9127926402616422,-0.5223831069015065,-0.0898429049443632,0.19067644451567675,0.10672882485417778,-0.33060334783442985,-1.0,-0.1063987016324457,0.11009293834751026,1.0
-0.8653212984932747,-0.18374795292078436,0.3104699865296829,-0.256954085863604,-0.140827192948141,-0.8758910994570938,0.6947554429875957,-0.14649518072511328,0.26266950180169846,0.6325277389708361,-1.0,0.2899225599989011,0.9995572159982442,0.8638057776448996,1.0,1.0,-0.5722303994062761,1.0,1.0,-0.10299742802678255,1.0,0.7642325609382508,0.21925607819367451,0.06586972904135922,-0.6940245612560639,0.499640543040594,-0.22726705616241505,-0.10516592283635438,-0.08871988544027931,0.18897629483252085,0.1059036742239688,0.2292737736044026,0.29371026406847095,0.426780987604728,0.10922364769637782,-1.0
-0.8733399824287537,-0.18577716472686856,0.31296011927859363,-0.259098346229893,-0.1410807367188533,-0.8814816100986826,0.699793373599363,-0.14761816670059683,0.26442512372791577,0.6377645863842272,0.9833617040235705,1.0001374637914013,1.0001578453275723,0.8680346460781476,1.0003440605115856,1.0002253935288523,0.547781606216575,-0.7059034327418114,0.39803040041890086,-0.1663536701138233,-0.2774245632815987,1.000172082001997,0.22023914686938875,0.36312001728870247,0.8770343023710214,0.35667087515585844,-0.22595025563984159,-0.5211164870755735,-0.08962784246903469,0.19058734654870912,0.10657080539288927,0.23107422077174689,0.29602440403255403,0.4687987229632933,0.11021481764858396,1.0
1.000112198707211,-0.18635010492341755,0.3136631987420506,-0.2597037699481503,-0.14115232383378337,-0.8843647482037144,-1.0000934601130227,-0.14793523749826662,0.2649208168681163,0.6359769506558379,-1.0001600704143518,0.7539116831919486,1.0001578453275723,-0.9986559685895713,-1.0001424055539003,-0.7712072938858566,1.0004331998165592,1.000050782431126,0.024216817485796502,-0.4814907002679633,0.19435472447105204,-1.0004746097164534,0.828214976857152,1.0003386206918712,0.2701043959261337,-0.22641844862723307,-0.22340858472891195,-0.5238375606170296,-0.08988420066553934,0.8840238147761076,-0.7346568771315914,0.7938720582505111,0.29664915782089374,0.15040927382161867,0.10978991759876307,1.0
1.0,-0.18379653332730372,0.31052960162711307,-0.2570054205929535,-0.14083326291980872,-0.87613983117572,-0.9983300454319869,-0.14652206560445183,0.26271153232089645,0.6307881219496617,-1.0,0.7476523575361154,0.9977129901184741,0.867991585053106,-0.998398730789546,0.998812550998637,0.9974974459479563,-0.46302243829974404,-0.9995473440951075,0.9982800355719611,-0.39139929049609806,0.2672116323147241,0.2205400454144659,0.9934991898989889,-0.21361212098495558,-0.3604210555673834,0.14812499378741462,-0.5190847858710966,-0.08874162241266538,0.9974780742090789,-0.9983108216525849,0.7865028524098258,0.29390321347426446,-0.343734015074391,0.1088286791653823,-1.0
1.000112198707211,-0.18625789590861153,0.3135500451090485,-0.25960633303413905,-0.1411408026009601,-0.8837745551504872,-1.0000934601130227,-0.1478842081132067,0.26484103999711156,0.6364501850950762,0.22895453789944717,-1.0000561252267075,-0.9092331060656937,-0.998991271685802,-1.0001424055539003,-0.7710913783525498,1.0007958048740675,0.3689278071774675,-0.7335789662097766,-0.4813436278092265,0.4295050101777398,0.26942277895343714,1.0004683484257477,-0.4983275463220397,0.27036046233138017,0.2987073378716782,0.5248901673534412,-0.5232527052337119,-0.08984294236859142,1.000036254684303,-0.17365157414420357,0.793605957541772,-1.0000482015891927,-0.10639876216400462,0.10978499955538229,1.0
-0.8673456813272312,-0.18684066767114438,0.31426518930727126,-0.26022214572972024,-0.14121361813898786,1.0,-1.0,-0.1482067197967652,0.265345239154938,-1.0,-1.0,0.7552475615601644,-0.9113667722469041,0.8786905030432705,-1.0,1.0,-1.0,0.3702070448291873,-0.7357845075386553,-0.7976865488713069,0.19506117262062195,-1.0,0.5267360444499222,-0.3246448339548084,0.2703131805153421,0.30634276542765104,0.3291651491521373,-0.5252492464866635,-0.09010369963210357,0.18999293024248082,0.9498026080927662,-0.33125108116963786,0.29719997053309744,0.4156228905265684,0.10944558133612366,1.0
1.000112198707211,-0.18609419081292075,0.3133491555721805,-0.2594333464846883,-0.14112034815302477,-0.883209593768047,-1.0000934601130227,-0.1477936120867002,0.26469940655374274,0.6366776563838006,0.23019493476634167,-1.0000561252267075,0.6305235266783191,-0.999043214586493,0.6167848502777704,-0.7706840871044586,1.000191460955462,1.000050782431126,-0.3597670499919177,-0.16650452669310553,0.19368677508295926,0.26909627911992207,1.0007610314248592,0.9992749083353318,-0.9912431522470911,-0.36454743325368255,0.153032010544004,-0.5226746638864328,-0.08976969363633691,1.000036254684303,0.10667503206008293,0.5684219195508347,0.29633574936539553,0.39144808508191786,0.10998099455533798,1.0
1.000112198707211,-0.1864178389909488,0.31374631811871045,-0.25977534427891563,-0.1411607869973277,-0.8846378679524141,-1.0000934601130227,-0.14797272220435834,0.26497941864353264,-1.0004108131149765,0.9776298963096901,1.0004349074412973,-0.9099806521513903,0.8768173914384371,-1.0001424055539003,-0.7713115561993599,1.0004331998165592,-1.0000411641054243,-0.734404205663036,1.0000569143563214,0.1944561964138978,1.000172082001997,-0.3831535410211513,0.9995647088327535,1.0000776645841971,-0.1900269501397052,-0.18195628369498265,-0.10759672672507717,-0.08991450781373071,0.18991501156878132,0.10678143583073646,0.7940675281126052,0.2967896934150974,-0.10651451543076758,0.10963257212969067,1.0
-0.8740777282853164,-0.18598363887469838,0.31321349255179853,-0.25931652667342436,-0.14110653502825243,1.0000888029546466,0.7003059876235909,-0.14773243154551094,0.26460375985651136,0.638167535842037,0.9839886084241187,1.0004349074412973,1.0001578453275723,0.8686993289141625,0.6165271189306886,1.0002253935288523,-0.2015339608118426,-0.22897374464342804,-0.3590319952488182,0.9655850558996402,-0.04228623013023027,1.0000103815822134,0.2203736738960788,-0.819414523050368,0.5138674121564816,0.721062925978485,0.09346163699957732,-0.5214995711184808,-0.08972022792294472,0.01742678734179263,-0.17346833326719546,0.23125741790941873,0.2962392165104845,-0.10620027813378295,0.1102761025260525,1.0
-0.8760733004815672,-0.1853138262343739,0.3123915367626409,-0.2586087382142353,-0.14102284399999782,1.0000888029546466,0.6986430416487155,-0.1473617505751556,0.2640242551668727,0.638401703228299,0.9855831344796959,1.0001374637914013,-0.905375029454069,-0.24275169474607214,0.614965574950647,-0.7691208221719225,0.17343206713447187,-1.0000411641054243,0.025888420844074743,-0.22887432207031833,-0.39490905042609226,1.000172082001997,-0.15842433265327893,0.7341569342857178,-0.30938310575838374,0.00021763355341272565,0.033766413233011994,-0.5193430664249084,-0.08942052481016372,0.1908372210878295,0.10641847651859104,-0.3295542862319099,0.29539820397446004,0.023800153504443932,0.11043956142408728,1.0
-0.8713755496660955,-0.18592221375604764,0.3131381151564879,-0.2592516189847405,-0.14109886014835904,1.0000888029546466,0.7001534872850566,-0.14769843827436568,0.2645506164215125,0.637058085183975,-1.0001600704143518,0.7533307650303636,-0.9078952797539933,-0.23783327089900042,0.6163839176546362,1.0002253935288523,0.7350781149323792,0.36811272664075306,0.024861960695378726,-0.41793091225343887,0.42859153184957727,-1.0011213919907611,0.37215810832036433,0.7309812314487905,1.0003123206835973,-8.632123661787982e-05,0.01621172912282991,-0.5219545639678117,-0.089692743671001,0.1903856964651787,-1.0001875541170464,-0.3302303936793651,0.29617496254080616,-0.10615582383135627,0.11001948576945232,1.0
1.0,-0.18420920040456074,0.3110360030789275,-0.2574414843180671,-0.14088482440165065,-0.8774917629069066,1.0,-0.14675043966543236,0.26306856127550776,0.6319260681888278,-1.0,0.29022688622316384,-0.9029385259978996,0.8686419732063617,1.0,-0.7655574610588459,0.5439453751089969,-0.9983980253710406,-0.3578739808297114,-0.16560755569507754,1.0,1.0,0.5965082333690997,-0.8186227769486184,-0.3343410691951138,0.21069045958392787,0.8267799199897725,-0.519763860211289,-0.08892626749140693,0.1887345571056892,0.10605531565043248,0.5644890569366213,0.29433661539418216,-0.10491608974386371,0.10903150180773766,-1.0
-0.8678117909142096,-0.18432369044448316,0.31117649871253467,-0.25756246550627593,-0.14089912958003722,0.9992199319461506,0.6961848283708164,-0.14681379959119334,0.26316761511710035,-1.0,-1.0,0.2906663505115225,-0.9027751916915692,0.8646053227715683,0.6126572569392678,-0.766166206897082,-0.5731341632127541,0.6032461566422078,0.395825963880928,0.021896395096805396,0.19202002062673634,0.2670969165329806,-0.5325852095058294,-0.815269949261946,0.2694663944280997,1.0,-1.0,-0.5187536849965226,-0.08897749528160215,0.18953456278361866,0.8022220064668433,0.006489347334810165,0.2943686004231738,0.4096877196355524,0.10957414200124382,-1.0
-0.8709878621464501,-0.18564555048624334,0.31279860980486707,-0.2589592699644043,-0.141064291924473,1.0000888029546466,0.6994666145050425,-0.14754533007211776,0.2643112544679397,0.636690201709783,-0.5173266420802172,-0.6292752077954805,1.0003562984888739,-0.9991338162890138,-1.0001424055539003,-0.7696520438055992,-0.20149308005098265,0.36769779979741757,0.024939409495538613,-0.5306186463951137,1.0000073350244423,1.000172082001997,-1.0006769955892727,-0.15526591800882703,-0.21401013648006637,0.26198370594076326,0.2827170794860065,-0.5213454465324628,-0.0895689525717223,0.19026671212317064,0.10652753540897146,0.7918388250006861,-1.0000482015891927,-0.3544220759121687,0.10994680284907932,1.0
-0.8659739584763043,-0.18374296393326367,0.310463864329405,-0.2569488140195949,-0.14082656958954948,0.9985452115881794,0.6947430568125158,-0.14649241976987298,0.26266518545789763,-1.0,-1.0,0.7477436564479037,-0.900976657601572,0.8629551972436809,0.6113034007518321,-0.7646174124931033,-0.5719743602907086,0.4836400558108226,-0.3563977642386867,-0.1653856974878342,-0.9758937685662743,-0.7285592351999394,0.5942792367131976,-0.8135386848058348,0.5095293523544914,0.44904846518063957,0.48201854709819425,-0.5177232025609829,-0.08871765315174722,0.18914171688412265,1.0,-0.32780857044500755,-0.6798155317948638,-0.10457866724467832,0.10950530217393745,-1.0
1.0,-0.18330809740398613,0.30993022097936523,-0.25648929221871164,-0.14077223435485692,-0.8743084500108125,-0.9977301538524305,-0.1462517603117573,0.2622889501079925,0.6307807591758213,-1.0,0.7467170799746411,-0.899915825434707,-0.9932685650121601,0.6102895900679309,0.9981268246877826,0.9137940107997856,-0.8173703589778379,-0.7260034665387,-0.165178766639271,-0.9738777685451179,-0.23035648591488453,0.06965366669855375,0.38653516211244704,-0.21251675646575305,-0.11422477972712165,0.4355447380572819,-0.5176290057532711,-0.08852307507926416,0.18835428295637513,0.997768599417705,0.7850933031894486,0.29330138661853505,-0.1042639476545266,0.10888283265873916,-1.0
-0.8572949212691809,-0.1830250633804984,-0.9974706425213833,-0.2561902112474114,-0.14073687012501487,0.9968356812011645,0.6929607228253593,-0.1460951264711786,0.26204407634208726,0.6287756540273253,-1.0,0.7453678397545743,-0.899405867898102,0.86610795562309,0.6096297487209793,0.9977798545284313,-0.20035113358464926,-0.9966875722980332,0.39314926766260755,-0.22727292505058125,-0.39027524779018036,-0.22983127325918848,0.07048371081626689,-0.18662279569648926,0.5069225409830096,0.04460870277573651,0.6107457046860489,0.9962393109889381,-0.08839643342960549,0.18795863991647171,0.9974253953790053,-0.3270107600150411,0.2929420770834904,0.9976418786505823,0.10857835397741711,-1.0
-0.8662546785292905,-0.1828482494629661,0.3093997218059694,-0.2560013481102807,-0.14070059291356235,0.9967126102115836,0.6925477225520659,-0.14601162259507136,0.26180803724419294,0.6321686018913539,0.9751004183926352,-0.9976028030571417,-0.8979088827011225,0.8577508146532233,0.6092837548151944,0.9975165562423678,-0.199032549974861,-0.22663057328388792,0.39429296609795245,0.9972231265585426,-0.39111232483964775,-0.23068898362952947,0.21768504841493802,-0.8089333456594827,-0.45129163461526955,0.448162507002222,0.4833877540741929,-0.5154899546139468,-0.08832639897937743,0.18904312829457726,-0.8638442574917078,0.006345123450660411,0.2925875877729006,0.6341266395509924,0.10929059175942021,-1.0
1.0,-0.18652431833636546,0.31387698348592974,-0.2598878605968807,-0.14117409126413114,-0.8851898348205146,-1.0,-0.1480316489322088,0.2650715418380634,-1.0,0.9773987722678692,1.0,1.0,0.8775740842291144,-1.0,-0.771474956653255,0.17269269803655288,-0.8260008397371862,0.39759465088859514,0.1483511688886267,-0.3946483774278494,1.0,-0.5347640432219174,0.993447066066462,-1.0,-0.15365934776969656,-0.1402103515651582,-0.5245980288319286,-0.08996215127314268,0.18987916751865055,1.0,0.7943748107503943,0.2969387453096319,0.672299244921328,0.10958450249286746,1.0
-0.8593473562430465,-0.18322877333506868,0.30985091518436336,-0.25640439044899954,-0.1407547537976698,-0.875141193221374,0.6934803354801374,-0.14621551720614534,0.2621759965993095,-1.0,-1.0,0.7458446819477763,0.998890342263472,-0.9955400004396127,0.6101399940346957,-0.7628543873949148,0.9133678685079247,0.9999396901358528,0.20293307082800496,1.0,-0.04099914109207228,1.0,0.07015919071130988,-0.8163052946258837,-0.6936884148984491,0.4485349844970676,0.47444006692948126,0.7179418444184524,-0.08849242715089795,0.18790077071953537,-0.7263558516480085,0.22880907240814868,0.2931586045387006,-0.10417301883239449,0.10847132563573297,-1.0
-0.8659344749608019,-0.1828291155348502,0.309342441806092,-0.25598315390702764,-0.14071238704452788,0.9934975483112838,0.6924742424846725,-0.14598668698640266,0.261874547299598,0.6321378364161152,0.9752239513812513,0.9940770831888445,-0.8978208152167155,0.8574833726504619,0.6091729326494459,0.995165577456064,0.17174320088832748,0.48176969113355644,-0.7237981415010921,-0.7867986711122192,-0.6239081595760879,0.26521914227239674,0.2176206862478115,-0.8088419851674136,0.7483711239163305,0.6137017214526687,0.24097174154856477,-0.5154371528171924,-0.08830875789798502,0.18904704496079358,-0.44832296195219445,0.00635807143859936,0.2926183161579654,-0.34989023091507815,0.10929035333373212,-1.0
1.000112198707211,-0.1863576537280429,0.3136724622034023,-0.25971174674097613,-0.14115326703351627,-0.8838924451037606,-1.0000934601130227,-0.14793941508166197,0.2649273478998069,0.6375677065655413,0.982241339257903,-1.000353575344879,-0.9093423924866606,0.8724196604163996,-1.0001424055539003,1.0002253935288523,0.5485411864540759,-0.945903663179798,0.024788291487904106,0.4631167995657179,-0.395334166417435,1.000172082001997,-0.5358497112574624,1.0003386206918712,-0.45770073267419964,-0.2264282870811636,-0.20869247482143205,-0.522995812547317,-0.08988757832677753,0.19050039213341965,0.10676164910124313,0.5689716111801465,0.2966888102552147,0.1441837312790373,0.11007549167859298,1.0
-0.8691328504038164,-0.18597701442608355,0.313205363406817,-0.25930952664365264,-0.14110570732358663,1.0000888029546466,0.7002895410834097,-0.14772876550972863,0.26459802855357667,0.6361852752670402,-1.0001600704143518,0.29220593692231006,-0.908301576443102,-0.2359493159398401,0.6165116752565044,-0.7703766077373807,-0.9516921304196851,0.8459258330924196,0.7704760080154254,0.6511136595855398,-0.04150728267640061,-0.232341476945326,0.22155803356662399,-0.8228395027507273,0.8767457371441184,0.4515233560216009,0.4823057349613954,1.0017019714650974,-0.089717263858356,0.19009941604233002,0.10663650871814645,-0.330291294240155,-0.684747088996097,-0.883572055238384,0.10972315443483008,1.0
0.4683005891402493,-0.05699880784075377,0.15493068003379895,-0.12301874829361037,-0.12499027731651344,0.4364909930073374,0.38007493694950484,-0.07635094447566927,0.1530093975390273,-0.9227868053159848,-0.32391919248929973,0.4884331536789914,-0.5886608648709047,1.0,0.3158229006596284,0.6082999017488349,-0.22553627442326435,-0.11941099940742803,0.26886794720565366,0.5305999033208854,0.10745820612719588,0.23328817676325653,0.5589340105163503,-1.0,0.3688446436556232,0.30864073845654527,-0.7927746435731569,0.33314975375866984,-0.032006842072291763,-0.014196548118932346,0.06423315709948714,-0.18695645753946633,0.16361692285701285,-0.012851973716419008,-0.0307462601090737,-1.0
1.0,-0.6079488664135776,0.9082375678154088,-0.7719022764379203,-0.2545486221954075,-1.0,1.0,-0.4116172308838898,0.6830171080285466,-0.5781886934240417,-1.0,1.0,-1.0,1.0,-1.0,-1.0,-1.0,-1.0,-1.0,0.6294117520182391,1.0,-1.0,1.0,-1.0,1.0,1.0,-1.0,1.0,-0.30612716702538173,-1.0,-0.49783977711649546,0.6571213453502276,0.9577750958136013,-1.0,-0.27456216103478076,1.0
1.0,-0.5784775943366698,0.7948596420009076,-0.6740633907801351,-0.1901474471603963,-1.0,-1.0,-0.3649424863761934,0.604179447529526,-0.4674544736790547,-1.0,0.30943808230022635,1.0,1.0,-1.0,-1.0,1.0,-1.0,-1.0,1.0,-1.0,1.0,1.0,-0.999936409316584,-1.0,-0.9120889960924294,-1.0,-1.0,-0.2653389803502596,1.0,0.23567644927212036,1.0,0.8038197488094084,0.8395397509046517,-0.2266028254234076,1.0
1.0,-0.6118920722482968,0.8731856866872579,-0.7416111118654676,-0.2236717652517799,1.0,1.0,-0.3981117549549169,0.6588713568249489,-0.7754182745416222,-1.0,-1.0,-1.0,1.0,1.0,1.0,-1.0,-1.0,-1.0,0.27570499757034783,-1.0,1.0,-1.0,-1.0,-1.0,1.0,-1.0,-1.0,-0.29363160980457,-1.0,1.0,0.3394257848538773,0.9040732437834258,1.0,-0.3485368109073051,1.0
1.0,-0.5271944988429162,0.8523670395503757,-0.7239089189770607,-0.2784514342581624,1.0,1.0,-0.3839265268584667,0.6430122910351544,-1.0,-1.0,-1.0,-1.0,1.0,1.0,1.0,0.24798457948002903,1.0,-1.0,-0.37740113723394947,1.0,-1.0,-1.0,-1.0,-1.0,0.44365930138962906,-1.0,-1.0,-0.28544657539505686,-0.18526272938269953,0.24961112146085165,0.6142854170650736,0.909279953749575,-1.0,-0.21845358739554424,1.0
1.0,-0.6405437834993298,0.868704976595774,-0.7397873835876239,-0.1988755365572625,-1.0,-1.0,-0.3983063187679094,-1.0,-0.9044807883072673,-1.0,-1.0,-1.0,1.0,1.0,1.0,1.0,-0.6336514833974063,0.9398068754381051,-1.0,-1.0,0.04041785433811784,1.0,-1.0,-1.0,-1.0,-1.0,-1.0,-0.2924871862060079,0.5522511853467641,-1.0,1.0,0.9208529704020806,1.0,-0.347667418086624,1.0
1.0,-0.06773117788512407,0.16810083112352434,-0.1343596027173291,-0.12633125391155453,-0.6434252315266016,-0.5825143790336847,-0.08229034468592297,0.16229476838438875,-0.036475211333964946,-0.8213409518452245,-0.6599075268958096,-0.6326481171986281,0.27083853501607286,-0.5996855941669256,0.6503862003569586,-0.2531065406590115,-0.18979288535778502,0.06311886920057697,-0.11018159297997317,-0.4292003346460439,0.2591986354629668,0.8472987974678087,-1.0,-0.17557905497636733,0.11380751918484955,-0.5802963152387405,-0.5456630664685161,-0.036808968086901435,-0.02538623652684732,0.06776157071334468,0.4515564987510071,0.1787645521753652,-0.020619154844869772,-0.03696723386648878,-1.0
1.0,-0.4089029576791842,0.5845805418514242,-0.4950055042755772,-0.16987735387110678,-1.0,1.0,-0.2701699904698509,0.4628419416395959,-0.08655908194261157,-0.999966687174241,1.0,-1.0,1.0,-1.0,-1.0,-0.049184399389259253,-1.0,-1.0,-1.0,-0.2734158320465908,1.0,-0.22437370983815944,-0.6289557395618341,-0.5103540908656581,-0.32616947789091616,-1.0,1.0,-0.188876518539348,-0.0561553132140046,0.17916226315261982,0.42953701640265757,0.5952314340382668,-0.27159464606350203,-0.1065274078211784,1.0
1.0,-0.12443264650252946,0.23768163261584535,-0.19427582805172283,-0.1334159279101313,-0.945945158214535,-0.7849189061243884,-0.11366950078811262,-0.7808888774648033,-0.3140551561433233,-1.0,0.4520934635085056,0.594761367128806,1.0,-0.7937652077664871,-0.4866294446089303,-0.11714245197979747,0.11346704201106105,-0.9072257555123039,0.353977919014494,-0.3070378826650891,-0.5847034208933087,1.0,-0.6300684575391214,-0.6552906555157086,-0.11727605344709421,-1.0,-0.8810900049874528,-0.06217965477461878,-0.118751227291839,-0.782442987568495,0.439770664170006,-0.7642082266734954,-0.2498556049620928,-0.11035707388292143,-1.0
1.0,-0.7181980380883036,0.9615046761852113,-0.8219936733479518,-0.2096245055579404,-1.0,-1.0,-0.4402227080710176,0.7368873788165775,-1.0,-1.0,-1.0,1.0,1.0,-1.0,1.0,1.0,1.0,0.22527513706117175,-1.0,1.0,1.0,1.0,-1.0,-1.0,0.6051345853050234,-1.0,-0.5137365677966,-0.326563311810214,1.0,0.2799298806046398,-0.2690807349365746,0.9772712486982029,-1.0,-0.2484862824791761,1.0
1.0,-0.5794298377670601,0.7960281805173776,-0.6750696226132747,-0.19026642689935902,-1.0,1.0,-0.3654694672776765,0.6050033039571086,-0.3025854654442043,-1.0,0.33673130278604363,1.0,1.0,-1.0,0.9186428193418462,1.0,-1.0,1.0,1.0,1.0,-1.0,1.0,-1.0,-0.5036291524595479,0.013135953231693843,-1.0,-1.0,-0.26576505513522275,1.0,-0.4363437295592415,1.0,0.8166455601893766,0.33118442969042605,-0.17091256459332055,1.0
0.8809054830480937,-0.1072017266736822,0.21653683265920892,-0.17606798089110778,-0.13126297752060034,0.5396284162368311,0.5047138833364145,-0.10413373855995639,0.1964436732375761,-1.0,-1.0,0.43726087278848946,0.5839936073327939,1.0,0.4328616976794117,-0.46888390938625046,-0.33218890103375315,0.6570012945427428,-0.5069455008903683,0.5498957289858907,0.26326836574398,-0.3815338360614151,0.42076880661703453,-1.0,0.4404983193703668,0.43764544252014337,-1.0,-0.7281806976781641,-0.054469796835238476,-0.05793710632430546,0.7294545755534453,-0.24274748891880454,0.23385822791255897,0.3116452903899732,-0.06882951004827934,-1.0
1.0,-0.15373058947412702,0.2736343937391921,-0.22523485253225742,-0.13707661574993912,-1.0,-0.8903888790186968,-0.12988327354118237,0.23669925005709103,-1.0,-1.0,0.09417763034056938,-1.0,0.9999904083840124,0.5413351143224493,-0.5473441493385346,-0.46768703314822574,1.0,-1.0,-0.2624472283067191,1.0,1.0,0.7628134416778078,-1.0,-1.0,0.4158006263654053,-1.0,-0.9999835255427679,-0.07528882021039889,-0.1361845381009583,0.09603505493576461,0.6997372691234168,0.3007210643451065,0.13253537057657627,-0.13406050386133875,-1.0
1.0,-0.6433138128162178,0.9842736363643818,-0.8374654254070577,-0.2846336207844864,-1.0,-1.0,-0.4440240540608965,0.7361610737202792,-1.0,-1.0,-1.0,-1.0,1.0,-1.0,-1.0,-0.7115552365448056,1.0,-1.0,1.0,-1.0,-0.06455340973664973,1.0,-1.0,-1.0,1.0,-1.0,-1.0,-0.3336182970856478,1.0,-1.0,0.3796722098104982,0.9999999999948809,0.20679977799651103,-0.29440291432082694,1.0
1.0,-0.0923995931712929,0.19837250044490562,-0.16042662294961313,-0.12941349649321657,-0.755736708388299,-0.6693864798559229,-0.0959420908092819,0.18363724758610628,-0.10807425203536948,-1.0,0.10495253726263616,-0.741216929909997,0.44355283124114897,-0.6829846389187489,0.757345208720071,0.5072878731555914,0.2821498122778313,0.45383802063962436,-0.121920036304797,0.1588020176795148,0.3151072163813289,0.38073231622005604,-0.9057299658242774,-0.8902468694575838,0.3478578822223537,-1.0,0.3654067421832683,-0.04784668282085009,-0.04943168475383863,-0.2977546590858293,0.522745663850899,0.2110306595744272,0.12847607339438252,-0.06005436870651197,-1.0
1.0,-0.6085301818860019,0.8317384595669935,-0.7058198450945323,-0.19390242532884142,-1.0,-1.0,-0.3815738868413415,0.630180174114688,-0.13940646372094156,-1.0,-1.0,-1.0,1.0,1.0,1.0,-0.059378032610472704,-1.0,-1.0,-0.21005113342502524,-0.3968918119294844,-0.12525789980937713,-0.31736945547822765,-0.4755469679313678,-0.9999999989590879,-0.6854525542941221,-1.0,-1.0,-0.27878580628917987,-1.0,-0.455786704247717,0.32495999296780326,0.8232362790031238,0.21476140818710085,-0.15330528288501635,1.0
1.0,0.8490130956621887,-0.838434456790702,0.8394363296070994,0.8154802230326371,0.509056485370634,0.5800113564891057,0.8344598976234733,-0.8295762400425698,-1.0,-1.0,-1.0,0.2629693836573401,1.0,0.5035677324459524,0.9942058457959154,-1.0,0.7917208363528113,0.4055692484727261,0.11683370577146569,0.15082283193691634,0.5016815737048681,0.8492576572722975,-1.0,-0.5946369651661185,-0.8097640113769179,-1.0,-1.0,-0.06804022391394422,-0.19438965503522818,0.5543165899920267,-0.8361751035397568,0.2883436222096192,-0.27056871328279997,-0.1793404275766741,-1.0
1.0,-0.5698254617896618,0.7825040162141084,-0.6650248310812095,-0.18979587158689643,-1.0,-1.0,-0.3594165049838072,0.600965573532797,-0.6270428180759544,-1.0,-1.0,-0.449612820131498,1.0,-1.0,1.0,1.0,-0.3539042186227597,1.0,-1.0,-1.0,-1.0,-1.0,-1.0,-1.0,-0.5582833082466644,-1.0,-1.0,-0.26100070053607444,-0.23906237028081417,-1.0,1.0,-1.0,0.7616105454304569,-0.30536566788563857,1.0
0.2036320256686022,-0.05179978894713423,0.14855074119607636,-0.11752496488186799,-0.12434067590371525,-0.5555313233483371,0.3671673161868459,-0.07347375576268672,0.14851133994906157,0.07389070867475897,-1.0,0.10676734148768048,-0.5439482239829546,0.0249545765960309,0.30370235206506996,-0.36772538154502526,-0.1937932827799872,0.6347225575639903,-0.4980366285199697,-0.26688428897675814,-0.05333857909715061,-0.06081364645474979,-0.03678628000050546,-0.8903227959368998,-0.657844773266012,0.3028812427393903,-0.5111371735669982,-0.20890526281203384,-0.029680576409074438,0.012019496647378872,0.0625239084434468,0.11220087990957874,0.1555470875763153,-0.009089363845940859,-0.007433480686354917,-1.0
1.0,-0.641333734063405,0.8719931040604043,-0.740483233531935,-0.19800112833815764,-1.0,-1.0,-0.3997276986040209,0.6585609648630479,-0.4217870668792345,-1.0,-1.0,-0.43588002016210936,1.0,-1.0,-1.0,0.31458857282641006,1.0,-1.0,1.0,-1.0,1.0,-1.0,-1.0,-1.0,0.3259993700870496,-1.0,-1.0,-0.29346353277252235,-0.16368764919013015,-0.4777039240121335,1.0,-1.0,0.23654205503693462,-0.27688856311777443,1.0
1.0,-0.09900293503858053,0.20645402285815556,-0.1673897839207701,-0.1302243495808212,-0.8054687925454326,-0.6930751996200428,-0.09958746903115893,0.18933112397507684,-0.16636055462367869,-1.0,-0.5482082501364524,-0.8478001114176001,0.5668797098844113,-0.7056990398496169,-0.44674531766141395,0.1868884193963943,0.9226701536888032,-0.5028874636979397,0.30913111726657955,0.9151539917174344,0.8545992078367141,-0.3228927121211345,-0.49644148182826187,-0.7231031955777634,0.19421700300994646,-1.0,-0.7161629724411974,-0.05084742824499058,-0.0701848776809262,0.07803735077014068,0.07653481957752052,0.22728671225248964,-0.04324863798542071,-0.07733636278891572,-1.0
1.0,-0.5805033954908976,0.7953906692222574,-0.6763211427086779,-0.19122098820456923,-1.0,-1.0,-0.3652338005182965,0.6107363864961547,-1.0,-1.0,-1.0,0.9563250159799322,1.0,-1.0,-1.0,1.0,1.0,1.0,-1.0,-1.0,-0.007180010400373067,1.0,-1.0,-1.0,-1.0,-1.0,0.4210145537789483,-0.2657202577269811,1.0,0.235659289389163,1.0,-1.0,0.5757573256024948,-0.31004177036146524,1.0
1.0,-0.5377508303862703,-1.0,-0.643205011292644,-0.19614476371539238,1.0,1.0,-0.34794791949801995,0.5786824532559962,-0.14786970486761028,-1.0,-0.6537271190769299,1.0,1.0,1.0,-1.0,0.2356812979195828,1.0,1.0,1.0,1.0,-0.66799465177815,1.0,-1.0,-0.09019237846041774,-0.5332637313823881,-1.0,-1.0,-0.2521555225469375,-0.08076105710549854,0.8680261107300917,0.037825303606201365,0.7615822960621421,0.18702007243716476,-0.12055186982302403,1.0
1.0,-0.684592263871514,0.9999997961095457,-0.8605929185044217,-0.27113653553205463,-1.0,-1.0,-0.45753887755318334,0.7554864721526555,-0.7757088630370121,-1.0,-1.0,-1.0,1.0,-1.0,-1.0,0.8042853490820633,0.5327118000757557,-1.0,0.8920156987117153,1.0,1.0,1.0,-1.0,-1.0,1.0,-1.0,-1.0,-0.343608036159996,1.0,1.0,1.0,0.9999999999999984,0.9925854520020148,-0.3118791610079978,1.0
1.0,-0.5826097759361705,0.7999304188763935,-0.6784298511221837,-0.19066375037834776,1.0,1.0,-0.36722927665102106,0.6077545047632579,-0.4636365759791763,-1.0,0.35518602482474104,1.0,1.0,1.0,-1.0,-1.0,1.0,1.0,0.9999998475283264,1.0,-0.05618780251386771,1.0,-1.0,1.0,1.0,-1.0,1.0,-0.2671878968485822,-0.17280020790862596,0.23703496050330097,-0.7710734512832625,-1.0,-1.0,-0.2530946993048437,1.0
-0.8626633737710105,-0.18583470490686088,0.3130307292989404,-0.25915914871849416,-0.14108792618740137,1.0000076799239495,0.6999362287877593,-0.14765001000797984,0.26447490601360324,0.6333987285108038,0.9732456820899417,1.0000376119926133,1.0000136508984003,0.8772423194861191,0.6161799069990458,-0.7696023135091935,-0.57737508929698,0.9656541442783401,-0.7334285116183153,0.5250528544430548,0.6648298781838833,-1.0000969810660107,0.2229915971471131,-0.8266779952083351,1.0000405398622287,0.17469630549806928,0.8799534072539497,-0.5237399512809371,-0.08965358843148936,0.18916694145360366,0.38654726773396614,-0.33013314417592526,0.29618424721683295,-0.10609249233252145,0.1091505890341899,1.0
1.0,-0.1824921097924443,0.3089288876190252,-0.25562704122471236,-0.14067027921292122,-0.8742031659630664,-0.9951111679565731,-0.1458001846595259,-0.9950195646785359,0.6212780063494597,0.2091260345438363,-0.9961143892356044,0.6208515905419393,-0.9847762089575435,-0.9953122459879009,-0.7601080830719111,0.5384080440362724,-0.6945240327104125,0.9931799722218482,-0.9952840996379527,-0.9684598295599021,0.26779147918912405,0.9984178735847246,-0.8264287716403473,-0.3355788651038304,0.5483800416437177,0.3071485450896246,0.09561928341634061,-0.08815796696888437,0.9935932342074638,0.10549079859791007,0.7827384913305115,0.2926461277122604,0.143537499956588,0.1064462205714841,-1.0
-0.8693047659681397,-0.18566108958290775,0.31281767849605074,-0.25897569006841986,-0.14106623348670294,0.999987724956587,0.6995051934695968,-0.14755392956256608,0.2643246984951214,0.6359920480216968,0.9795612966720798,-1.000030578169047,0.6296296763851291,0.8707035734056944,0.6157751550609544,1.0000194926527746,0.17266828948609822,0.8448288117071971,-0.7318253155883988,-0.1662984358604671,-0.7468550485128177,-0.23220616400982041,-0.15669628318532627,0.7295089462149575,0.7548617004751996,4.413828195574421e-05,0.014747458295156904,0.9997706599376706,-0.08957590543486012,0.19001291620791622,-0.45303829733089196,0.0066068177067365825,0.29590804571438556,0.1366905590008032,0.10979335068950748,1.0
-0.8595583546702392,-0.18602463384650456,-1.0001715583914597,-0.2593598459034137,-0.14111165722367705,1.0000076799239495,0.7004077659702275,-0.14775511857015405,0.2646392276528704,0.632301707919979,0.9706763385870034,-0.16978278073590744,-0.9093787350927078,0.8808228400413365,0.6166226911061428,1.0000194926527746,-0.5781998721984858,0.6086466129122052,-0.7344991737549885,-0.16647142807273066,0.19511403038319128,0.5208878674723287,0.9804053344689382,0.4416725690359912,0.7537706935385061,0.08729096223409955,0.08817901609856357,1.0001007899816035,-0.08973857084434388,-1.0000106094717478,0.10665216425471834,-0.3303442142026605,0.29647375255591557,-0.10622994682483454,0.10883220208835112,1.0
-0.8599704847242867,-0.18563895397365496,0.3127905149417433,-0.25895229945482756,-0.14106346771060063,0.9999653637116745,0.6994502373224356,-0.1475416794965477,0.2643055473347713,0.6321817221512949,0.9708502716639813,-0.16941812313681215,1.0000136508984003,0.8782965151416811,0.6157235499925667,-0.7689772290598729,0.5458661552091211,-0.9421228580769724,-0.7332801139908244,0.4618501370307069,0.4296384607204352,0.770450932565078,0.2233164792207024,-0.8275218536288608,0.9996494716116987,0.2183260730445014,0.8132859335262879,1.0001935929318027,-0.08956600100703904,-0.6764468312605848,0.10652536671515324,-0.3299156041061776,0.2960544742945588,0.1440635809714705,0.1088597542233797,1.0
-0.8330052008901678,-0.18210488755995616,-0.9971856019113745,-0.25521786497154225,-0.14062189698761668,0.9936239604506939,0.6906761993852689,-0.14558589202920566,0.26124796386031923,0.6185180403546441,0.9452934067917519,0.9967340576011499,-0.9972751319212732,0.8795714315696284,0.6074845294059543,0.9975832282605447,-0.5722592427297502,-0.8107113311503314,-0.7269680828100209,0.14550816948004808,0.9981877399515753,0.7622564023511217,0.22474943694436963,-0.8278806111116854,0.9802237236071276,0.04492529052140022,0.9775395496699019,-0.5217949430821784,-0.08798470701362385,-0.9980264092830878,-0.9970523522228483,-0.3259881589531659,0.29246696568587705,-0.10339316619988936,0.1058753492827344,-1.0
1.0,-0.18301183801700316,0.3095666683914627,-0.2561762360551071,-0.14073521765545782,0.9957935622281741,0.6929278881704644,-0.14608780742306715,0.26203263409640676,0.6256330538783138,0.9594707879406186,-0.16779267727025826,0.996694403925884,0.8726937089151638,0.6095989162354305,-0.7620577308189529,-0.9435164885313161,-0.9965698762520444,-0.7271177561581611,-0.7872946038514257,-0.6218646611127708,-0.47719631370203847,0.22230860958566237,-0.8216114828316584,0.02521875981562171,0.44823852071361203,0.4648260375485975,-0.5199366068821681,-0.08839051583013204,-0.9987436830152631,-0.9979258320836505,-0.3269960625284095,0.29330337056094524,-0.10404954018315386,0.10758792614649985,-1.0
1.0000097032530284,-0.18690228414937346,0.3143408015294603,-0.260287255628458,-0.14122131692968035,-0.8876824443892175,-1.0000080826878246,-0.1482408189687108,0.2653985481501924,-1.000035528248953,0.967375673889455,1.0000376119926133,1.0000136508984003,0.8887881773688608,-1.0000123156242748,-0.7718568127176592,1.0000374643125256,-1.000003559985142,-0.36343615052260786,1.000022459679989,1.0000859430982514,1.0000428496011746,-0.15301303780120296,0.996795777721563,1.0000067166470143,-0.3002232634705629,-0.30267105625726914,-0.5279141548055735,-0.09013126950703451,0.18859489572438903,0.1069407038106795,0.7954655606170816,0.29747999896222416,-0.10686511583688861,0.10866799814940156,1.0
-0.8630466937617923,-0.18654523141726503,-1.0,-0.2599099593688058,-0.14117670428851423,1.0,0.7017002552177187,-0.14804322243860543,0.2650896352978049,-1.0,0.9741857808951945,-0.16991028782237136,1.0,0.8808033783070036,0.6178363678185548,-0.7713510829912453,-0.015743880159297667,-0.3472176804071206,-0.7354998262406965,-0.16671915396075634,-0.2763843509566349,0.772880297103444,0.22394668788541378,-0.29671558417751026,0.6339766757187705,0.5543412385428901,-0.058661098517185484,-0.525435284064226,-0.08997150868871394,0.18935751392598899,0.1068233178352165,-0.3309227597556181,0.296902245550812,-0.6090281992663409,-1.0,1.0
1.0,-0.18334270444924927,0.3099726887662921,-0.2565258613504028,-0.14077655839787262,-0.8756902875211651,-0.9976624776373071,-0.14627091219405697,0.26231889123385366,-1.0,0.22041499880531257,-0.9983054253670886,0.6237465583353381,-0.9880328645862869,-0.9983655489536382,-0.7629167012436365,-0.20137159067847996,-0.6981894993743408,-0.3578926606783066,-0.9970333322471181,0.999350942119795,0.2673282621850739,1.0,-0.8206687819784473,-0.9689254084465894,0.7156039349704345,0.07807451818563929,-0.5196746721747012,-0.0885385597660704,0.9953003811321053,-0.7266513860905075,0.7851931736744342,0.29357317392202326,-0.3530267236059159,0.10795554837578096,-1.0
-0.86525321207805,-0.18615625570679348,0.3134253180622043,-0.2594989302206782,-0.14112810297020675,1.0,0.7007345439821621,-0.14782795941547908,0.2647531035052659,0.6347679053988995,0.9759670191323522,-0.16945256343443266,-0.9092759540644932,0.8768788085079824,0.6169295430695025,-0.7705565375477228,0.5472952508987625,-0.9443204595603805,0.3969966866642227,1.0,1.0,0.520653375673178,0.6011726261351182,-0.8264529414768047,0.9992575034285804,0.4517219202912268,0.4778401055978334,-0.5239103577622912,-0.08979746415106528,-1.0,-0.7341408639887854,-0.3304904869596471,0.2965912589205942,0.144150062094986,0.1094418893323133,1.0
-0.8672106531760682,-0.18632237311218258,0.3136291678472582,-0.2596744658482413,-0.1411488588285143,1.0,0.7011469641926243,-0.1479198904379893,0.2648968240167581,-0.5079641931374972,0.9779293935160491,-0.16947441651199632,-0.909656276836881,0.8761675526632321,0.6173168149993248,1.0,0.5477806491349547,0.8473185330647379,0.7709542758074025,0.1482212584576327,-0.39461567522718993,0.5208010229979664,-0.23177594232622378,-0.8259038113675853,0.9986329254441532,0.4519059458742398,0.4797248690449275,-0.523910456053527,-0.08987179225476356,-1.0,-1.0,-0.33067509497803527,0.6896522716214178,-0.10644542530691922,0.10965582935593655,1.0
1.0,-0.1829725740233003,0.30951848586179787,-0.2561347459422994,-0.14073031173972594,-0.8738498631847434,-0.9969265088129701,-0.14606607833855514,0.26199866389724047,-1.0,0.9677432848455031,-0.9983592916378748,0.6234384255428639,0.8652212029281446,-0.9976608001277375,-0.7622882618352744,0.5414783370604935,-0.934193569619671,0.023855127695088952,-0.7871880362298904,-0.5065177909188774,-0.2299743643080611,-0.5288662710789748,-0.4936417091213009,0.02721056645929304,0.26082435692304445,0.5165617774518075,-0.5176171698891615,-0.08837294742281239,0.9950230739033644,0.10564875779308591,0.5619089474336619,0.2929754585015579,-0.34435302096457493,0.10846928965071637,-1.0
1.0000097032530284,-0.18660068875363672,0.31397070089610046,-0.25996856092436854,-0.14118363351203633,-0.8854677619066061,-1.0000080826878246,-0.14807391307957096,0.2651376155605909,0.6351585227500446,-0.5272957961812456,-0.6320691290362688,0.32262797020068945,-0.9960955054921584,1.0000810713335433,-0.7716537298634819,0.5481416102623917,0.2505265220747359,0.3974427508311409,0.7786899690080666,1.0000203211156902,0.2702834737093326,-1.0000585484420017,0.8454494162531833,-1.000009933164074,-0.0807323233545205,0.03950998518808703,-0.5251382271955134,-0.08999632269689392,0.1898260219421157,-0.7353239138706047,-0.5561009119736453,-0.6861170890985222,-0.1066468466138726,0.10945782799560692,1.0
-0.8652459237220936,-0.18584264268075715,0.31304047008123786,-0.25916753653373653,-0.14108891798771392,-0.882654194025075,0.6999559359240002,-0.14765440285086787,0.2644817735715716,0.6345469814992443,0.9759512684651127,-0.16919679980635297,-0.9082013195741367,0.8750246447040709,0.6161984124468597,-0.7697654805056678,-0.20231336761350732,0.48809217194540283,1.000113321532067,0.0850528537680701,0.19405506922660665,0.5199414928232197,0.22231946215361095,0.6824133687460153,1.0000039986066838,-0.11654242736947318,0.22282025622769866,-0.5231201414228208,-0.08965714013441302,-1.0000106094717478,-0.7333060479107556,-0.3301419655073757,1.0000152843296721,-0.5917259858377254,0.1094653146605648,1.0
-0.8609992855783533,-0.1832862233954615,0.30990337844670424,-0.2564661780377639,-0.14076950126509935,0.996285039435605,0.6936091056256963,-0.14623965501825117,0.26227002527799126,-1.0,-1.0,0.28934598107253223,-0.9987366137079,-0.23373825788146751,0.6102385948734816,-0.7631805469124846,-0.20016037038584136,0.9985684263388391,-0.7260077844811481,0.14626811736730444,-0.6240868379376355,0.2664765200156676,0.0696758493525181,-0.8147377979670215,0.14765127980358933,0.9102842381052149,-0.19834554568933244,-0.5177040775004182,-0.08851328770297191,0.7032617115641404,0.10575187431977232,-0.3273009898846651,0.2934308813225841,-0.10424811709848833,-0.9987566328878522,-1.0
-0.8658424841781254,-0.18667756156778206,0.31406503481980663,-0.26004979213338686,-0.14119323853349125,-0.8853038957340166,0.7020287917034389,-0.14811645525866074,0.26520412394450743,0.6356636867054356,-1.0000138433300296,0.2926280748571223,1.0000136508984003,0.878882699081852,-1.0000123156242748,1.0000194926527746,-0.39090503686464056,-0.8263317660125067,-0.7354157664877246,0.7789114839573784,1.0000268828104915,0.2702737613398701,0.22337706060205229,0.9982335537178179,0.63462202623742,-0.6650035537882594,-0.2053272866410767,-0.5251081370522028,-0.09003071891497869,0.537226894298462,-0.4547307585724887,0.23187311073342243,0.29714189713673395,0.4699905561306024,0.10951183053904416,1.0
1.0000097032530284,-0.1868523302224769,0.3142795009239549,-0.2602344695033939,-0.14121507533908417,-0.8856661640486088,-1.0000080826878246,-0.1482131739686492,0.26535532929491995,0.6376169941996218,-0.5233269718833365,-0.6323411508267529,-1.0000117735712262,-0.9975191675712357,0.6185523117429664,-0.7725977715269964,0.17328396462449897,0.6091624698335003,0.3985606163657388,0.14856217741949124,-0.041558010887223884,0.2700382189018138,-1.0000585484420017,0.8198366067435712,-1.0000031684091522,0.21135718472582785,-0.36127584414019254,-0.5245118260425828,-0.09010891796150589,-0.3306993130239901,-0.17404873684700817,-0.5565817342206442,-0.6867768980367085,-0.1068289634119887,0.10998290716084888,1.0
0.25718233037273447,0.9984188185113766,-0.9983080357382487,0.9983185276597741,0.9980676519137617,0.9955437851526964,0.6945361141581086,0.9982664129272681,-0.9982152697569507,-0.5399658672095473,0.8851469180853783,-0.998898634384727,0.616162079872602,-0.15741517814174336,0.6111090769066321,0.9988135645186115,-0.9993684700097382,-0.09484424417736904,0.7493316297536698,0.2712490602469643,0.4391684412804655,-0.9974725925812207,0.24285791719847527,-0.8819423987850543,0.13021986826534604,-0.9980077899801257,-1.0,-0.5403950146402623,-0.0886803570768078,-0.9994305932393504,-0.9982279284812896,-0.9982843750932899,0.2953842099676522,0.14373267955535862,0.09941566445842402,-1.0
-0.8632965148884949,-0.18621264574934823,0.3134945166992422,-0.25955851736312324,-0.14113514873233435,1.0000076799239495,0.7008745437199309,-0.14785916622523193,0.2648018907213426,-1.000035528248953,0.974127608771598,1.0000118882470517,-0.909647918880509,0.8789079883789541,0.6170610059979534,1.0000194926527746,-0.9532358979922827,0.2503276452666061,0.770013757642858,-0.7959820151436818,0.7834848406429239,0.2700634623557361,0.22336931541813249,0.9959294608498643,0.9998863737603427,-0.18978611855098898,-0.18544857288862227,-0.5245205521285019,-0.08982269549221528,-0.677558461290899,1.000028119631225,0.0066552636090436166,0.29662301101210736,0.7261244238929755,0.10923164158946698,1.0
-0.8647058375180022,-0.18612940507524528,0.31339236850213004,-0.2594705572611216,-0.14112474806665873,1.0000076799239495,0.7006678818343461,-0.1478131000093151,0.26472987302881906,0.634496984660183,0.9753340865384096,1.0000376119926133,1.0000136508984003,0.8772822122693875,0.6168669458010525,-0.7704573145466077,-0.5778376300190204,-1.0000235314794126,-0.7340057718506147,0.588561888406626,0.6653313859105044,1.0000148821251913,0.2228936077707414,-0.8268028577204325,0.754967900303065,0.7213642346256476,0.08285075750534142,0.9995785870868205,-0.0897854500186047,-0.6772031122172368,-0.1735657248493049,-0.33046064757082677,0.29654322122136434,-0.5638838272029141,0.10936174708667848,1.0
1.0,-0.18263173972054725,0.3091002334868888,-0.2557745876370489,-0.14068772554323705,-0.8728900775899396,-0.9963100982538102,-0.1458774572493258,0.2617037828148709,0.6274170752553774,0.22284913038200713,-0.9966540610575368,0.6224415950082567,-0.2293215818306488,0.6087127875324795,0.9979821872403404,0.35523120231545674,0.8370312010043081,-0.5352762368029786,-0.9977027852908781,-0.9708524024300159,-0.9971681743391708,0.9989871041549475,0.6450753122723731,-0.30894616910001,-0.18558327406531994,0.34469523313684114,-0.5175576570416179,-0.08822044343126992,0.8722730996165791,0.10553670384900987,0.11731258156587424,0.29275738654939026,-0.3434281305559395,0.10804984812370574,-1.0
1.0000097032530284,-0.18664125858643543,0.314020485876503,-0.26001143091205736,-0.1411887025880697,-0.8850927035224715,-1.0000080826878246,-0.14809636482827482,0.26517271553796173,0.6371164667372473,-0.5230646639570012,-0.6318897487912856,1.0000136508984003,-0.9967984902899927,-1.0000123156242748,-0.7720391497025207,0.7366087592909677,-0.9464182691825654,0.024369684987649288,-0.10372659952044579,-0.277395973941377,-0.7352836040890693,0.2981624794378602,0.15238631961079271,-0.3371960677920414,0.16749325405262103,0.1940342055600553,-0.5241372347710156,-0.0900144753929192,0.190439516831554,1.000028119631225,0.7947122819108763,0.297033833065403,0.646823996690164,0.10996893372229734,1.0
-0.8311751604417768,-0.18294305758599005,-0.9976938932443561,0.9977081934820485,-0.14072662375322187,-0.878241414600266,0.6927571267779116,-0.1460497436496358,-0.997567455434173,0.6177640356654021,0.9429017605464377,0.9961260576555095,-0.9017962879461063,-0.20990838794393146,0.6094385674155968,0.998087930956367,0.3530618362459549,0.2509358805815915,-0.36102904898140203,0.9957417756575245,0.196175509706493,-0.22729446492722144,-0.5221800440200665,-0.8350233596408809,0.1422433552182626,-0.9972846654687987,-1.0,-0.5241014100350055,-0.08835974049424501,-0.6728695923095109,0.9976526397870643,-0.9976616443520975,0.29319544088770066,0.3343201398553092,0.10556149806649592,-1.0
1.0,-0.18695347261272796,0.31440361708480613,-0.2603413462811976,-0.14122771276974627,-0.886603035272307,-1.0,-0.1482691471724752,0.2654428350929278,-1.0,0.9768893689517769,-1.0,-0.9119505557703539,0.8806279826118348,-1.0,1.0,1.0,0.01136079582096703,0.02355033221055369,0.21173436677909518,0.3132571908037822,0.27076012240722414,-0.15545355418068652,0.6237260292654561,0.14823090700703354,-0.26375403738648817,0.4772117726973685,-0.5259037350940076,-0.09015417343660038,0.5375079170194849,-1.0,0.11941964878912086,-1.0,-0.10690216171420772,0.10933821062532392,1.0
