-1.5,-1.5,-1.5,-1.5,-1.4636047299856425,-1.5,-1.5,1.5,-1.5,1.5,-1.3349324714193413,1.5,-1.5,1.5,-0.6765774709701357,1.5,-0.9239487794337833,1.5,-1.4999999999999971,1.5,1.5,1.5,-0.11270280975040639,1.5,0.898494707851428,1.5,-0.06137369726151581,1.5,-1.5,1.4574603566680606,-0.6991741471484656,1.5,-0.20594874433604193,1.0
-1.5,-1.5,-1.064542375970665,-1.5,-1.157895316282799,-1.5,-1.5,0.34987802614294383,-1.5,1.0307810240482647,-1.5,1.5,-0.2983793959939887,1.1648501452915885,-1.2211130997548303,1.5,0.49626491025388764,1.5,0.09676122632020753,1.4999985047176019,1.5,0.2735210237544232,0.48138051179263946,1.4485332734362453,1.3112012601000795,1.5,0.6397597851746843,0.5030013023981855,0.36691973529992095,0.8220877971187325,-0.041082506176828855,1.5,-0.163969697887229,1.0
-1.5,-1.5,-0.6406050495223784,-1.5,-0.3705029608502432,-1.5,-1.5,-1.3821026763680742,-1.5,-1.0969189419180458,-0.41595946400631456,1.2726720759001444,1.5,1.2678223562738788,1.5,1.3034371379439147,-1.5,-0.692683552026002,0.047342600948079364,1.4426394761863504,1.5,1.2971747205890414,-1.5,1.3063216101648705,1.5,1.5,0.180338022262567,0.6608067196598169,1.5,0.24684348663383715,-1.5,-0.8967728677996991,0.8379002435549658,-1.0
-1.5,-1.5,1.5,-1.5,1.5,-1.5,-1.5,-1.5,1.2675661580078754,-1.5,1.5,-1.5,-1.159463030819841,-1.5,-1.5,-1.5,-1.5,-1.5,-1.5,0.8313345456897694,1.5,0.8095222558197059,-1.5,1.5,-1.5,1.5,1.5,1.5,1.5,-1.5,1.5,-1.5,1.5,1.0
-1.5,-1.5,-1.5,-1.5,-0.2709116630730729,-1.5,-1.5,0.18351399844717792,-0.6597780423943314,-1.5,-1.2078302339773317,-0.6722900018905283,-0.20070833944592,-0.5651012965226236,-0.16202645675557714,1.0422202723712553,-0.821349218339869,0.016444787519348768,-1.2369749137296517,1.0993410998907625,1.4999999835866964,-1.5,-1.5,1.0913744130100964,-1.0880455708519554,0.13538098724226605,-1.5,-1.5,-1.5,0.23118995384181434,-1.5,-0.7081459171699783,0.6528290549712973,-1.0
-1.5,-1.5,-0.11226956673395275,-1.5,-1.0474100700767655,-1.5,-1.5,1.1709254631062394,-1.5,1.5,-0.3472142039554929,1.5,-0.5041374723640176,1.5,-0.28791742927847014,1.5,-0.14596904797691826,1.5,0.21002117652518998,1.5,1.5,1.5,0.5672543739858851,1.5,0.44084984067613675,1.5,0.8857148682716208,1.5,0.5933246708540754,1.2502696085033012,0.46983631803455284,1.5,1.1502166292217584,1.0
-1.5,-1.5,-0.6744042432513015,-1.5,0.05001774881403113,-1.5,-1.5,-0.35198675442008653,1.5,1.5,1.5,-1.3911159651790916,1.5,1.0621487235228837,1.5,0.8684463594919891,1.5,0.2830859689961334,1.1274189868298765,0.2336557855536281,1.5,-1.1405489505883897,1.5,-1.4999999983486976,1.5,0.7900490088510284,1.5,-1.5,1.5,-1.5,1.5,-1.5,1.5,1.0
-1.5,-1.5,-0.298150760794312,-1.5,-0.5205455278535113,-1.5,-1.5,-0.7335091364480554,-0.6864213795660612,-0.7898625288654616,-0.44759945881982066,-0.6526796303986528,-0.1924702232990582,-0.6079098553559358,-0.5022621769219595,-0.632541550834232,-0.32653665626736406,-0.7676862371919443,-0.05940935067646543,-0.5308104061580886,1.4965540970645799,-0.5870151927419,0.12689271946404476,-0.6361036646781383,0.11073521068270235,-0.3376923713705194,0.29925301895654066,-1.068669207502006,0.06971925361685057,-1.057151963041305,0.007905254550490374,-0.6801124996262119,0.5360457145595291,-1.0
-1.5,-1.5,-0.6826424375388396,-1.5,1.5,-1.5,-1.5,0.43665479682162517,0.8376145228848125,0.6030622438189805,1.5,0.36743745941312383,1.5,-1.0863412538947668,1.5,-1.5,1.5,-1.5,1.5,-1.5,1.5,-1.5,1.5,-1.5,1.5,-1.0513081628068606,1.5,-1.5,1.5,-1.5,1.5,-1.5,1.5,1.0
-1.5,-1.5,-1.5,-1.5,-0.2537625175235208,-1.5,-1.5,0.7774045611348341,0.8764045144206569,-0.08399535207382212,0.9962765901779154,-0.6472721753626496,-0.19354923915909492,-0.5305141575456604,-0.1590450151088252,0.47860558165657335,-0.7626898785094454,0.7804432222382873,-1.5,-0.609088260464415,1.5,-0.602592594336408,0.1103247215602718,-0.3249370652880116,1.4998892810577562,1.5,0.5325894142737264,-1.039256057130381,0.05998265670947348,-1.2393052783192187,0.01184089732094405,-0.6723497480393736,0.420499220972833,-1.0
-1.5,-1.5,-0.9535550905014737,-1.5,-1.084803968106918,-1.5,-1.5,0.009679442043749523,-1.4999999999998068,1.189716023266067,-1.14922995339713,1.5,-1.0725942203685528,1.3869065354640195,-0.5022540138424633,1.0943822503233909,0.0921721653281204,1.5,-0.4260499705534368,1.4882151604059464,1.5,0.6321102239920285,0.016190244611770915,-0.001668322887576035,0.6503167920843438,1.366343844499009,0.597998401830918,0.3921374573057342,-0.23487035289538,0.5305686423040324,0.7351341460354816,1.499995253768157,-0.13892860349613617,1.0
-1.5,-1.5,-1.5,-1.5,-1.5,-1.5,-1.5,-1.5,-1.5,-1.5,-1.5,-1.5,-1.4999999997565425,-1.5,-1.1605421925010646,-1.5,-0.3470454303415408,-1.5,0.05762617600940366,-1.5,1.5,-1.5,0.37570787247736254,-1.5,0.5439064886761927,-0.9642472773939618,0.8736212067441551,-1.5,0.09587756196239065,-1.5,0.15967478937848278,-1.5,1.0309027659679604,1.0
-1.5,-1.5,-1.5,-1.5,-1.2205730566379613,-1.5,-1.5,0.7245199510766954,-1.5,1.477640687846728,-1.2775147977201438,1.5,-0.4640359436431233,1.5,-0.1641484950040259,1.5,1.5,1.5,0.4657963704499726,1.5,1.5,1.4999999813109934,0.8837235815439283,-0.3190874097272812,1.5,1.5,1.2677605184348697,0.4796230696325361,-1.4999999999999998,0.3318173845727503,0.7697100169145776,1.491801833652355,1.4999380239494595,1.0
-1.5,-1.5,-1.3119980489504957,-1.5,-1.5,-1.5,-1.5,1.5,-1.5,1.5,-1.1460707031640456,1.5,-0.5096064149402586,1.5,-0.7743497735396179,1.5,-0.3018892112187451,1.5,0.22087364867768108,1.5,1.5,1.5,0.736398274186738,1.5,0.5990720790545245,1.5,0.7928580771294481,1.5,0.17930164486710526,1.5,0.08049103276627839,1.5,1.088674661538212,1.0
-1.5,-1.5,-0.8221537654270559,-1.5,0.9596450326872457,-1.5,-1.5,1.5,-0.27784039410328704,1.5,1.5,1.5,1.5,0.6721830105524877,1.5,0.2660145435447435,1.5,-0.2745004879492917,1.5,-1.34251179279129,1.5,-1.5,1.5,-1.5,1.5,-0.5112987510769548,1.5,-1.5,1.5,-1.5,1.5,-1.5,1.5,1.0
-1.5,-1.5,-0.6787371621137906,-1.5,-1.5,-1.5,-1.5,-1.197939219187324,-1.5,-1.5,1.5,1.145080197532876,1.5,1.1475863399518451,-1.5,-0.7216550728496202,-0.3684067386386072,-0.6427750157658332,0.05239804880088451,-1.5,1.5,-1.5,1.5,1.1749725373405915,1.1559798998793223,1.5,-1.5,-1.4925462058590917,0.06322429415938212,-1.5,-1.5,-1.5,1.5,-1.0
-1.5,-1.5,-0.30055599154994145,-1.5,1.3955951589406352,-1.5,-1.5,-1.5,1.5,-1.5,1.0280465815971342,-1.5,1.2842511802431524,-1.5,-0.850350457372311,-1.5,-1.5,-1.5,-1.5,-1.5,0.8983953837440314,-1.5,-1.5,-1.4602161224978447,-1.2282674222547996,1.5,-0.23204695649500653,-1.3917855253985385,0.6105495423158456,-1.5,1.5,-1.5,1.5,1.0
-1.5,-1.5,1.5,-1.5,1.5,-1.5,-1.5,-1.5,1.213663257592119,-1.5,1.5,-1.5,1.5,-1.5,1.5,-1.5,1.5,-1.5,1.5,-1.5,1.5,-1.5,0.6852711551243871,-1.5,-1.5,-0.35200584579733324,-1.5,-1.5,-1.5,-1.5,-1.5,-1.5,-1.5,1.0
0.3183274907929515,-1.5,0.2513429460727455,-1.0613294666899125,-0.24981544640563008,-1.1255270413935314,-0.12494229593201939,0.2229887600936741,-0.24771081527664132,-0.5100016240916635,-0.3118857577393894,-0.6916923222926038,0.0009028709649336508,-0.4290691297477793,-0.15437109786695227,-0.3637465039573081,-0.3068419957055645,0.12333944211439953,-0.6729344396917297,-0.5493921315825213,-0.186261582406763,-0.5967824568845749,0.10855400387894021,-0.6272488939324752,-0.7780590382517355,-0.9791006645615382,0.1256832197105257,-1.5,0.11613408588129273,-0.671384661366384,0.007235272344317163,-0.6652323696066509,0.17055796066675163,-1.0
0.32759258762958854,0.49308415646892534,-0.1737944715380818,0.5068262401226099,-0.13184083388895423,0.6918415345428012,-0.21527497069946597,0.8238554090564152,-0.3206535761894923,0.7771116845487417,-0.3342654768315816,0.870227613545439,-0.2215165680000269,0.882424695871155,-0.08204189012563821,0.9001143011590204,0.006691570816342361,0.9342624389804352,0.07309907219843138,0.934267195336227,0.006891461501789918,0.8708525567858867,0.07512742085033987,0.8610372141221465,0.18709838549589594,0.6809261863135811,0.1562467106067922,0.8742102670670725,0.05887272219232028,0.9115114235426691,0.08866403231121747,0.9936492588775406,0.02161137361986351,1.0
0.3209237041420787,0.6155204874317417,0.12785612420625722,0.7399376460818018,-0.29384228153375075,0.8671378791339539,-0.19621900251133179,0.9042979849798847,-0.5713024052331414,0.9126731208486419,-0.3688813003928598,0.932420396077057,-0.251861645606776,1.0062487814155856,-0.2722766551727267,1.0019151187378248,-0.0979831852093687,0.9265110765955384,0.0763589110959464,1.0504464070452357,-0.18568965566692394,1.0224397052427407,0.007941956516153923,0.8994844383952323,-0.1686573146881122,0.8109867112539066,-0.0006854269376618101,0.9226253564130826,0.08073042741612424,1.132077506511716,-0.20316028354831578,1.1155935892056674,-0.17611347117852666,1.0
0.33729826436164545,0.6760601155390372,-0.1013778430050525,0.5381744286876685,-0.18430882068881618,0.6302014005860571,-0.14831302738159283,0.5692437392919283,-0.3769536439103772,0.3820486962540116,-0.22205134189521628,0.632903333046574,-0.018468398691866214,0.6555443653078378,0.053870823041176116,0.39807559189089886,0.520698913753093,0.5166146071520465,0.29213128975018415,0.6082289403032454,0.2320651441746017,0.5368027394749416,0.3654572404275961,0.6050403152583826,0.58830981551604,0.20464473763105814,0.40185604230319205,0.5117605984876323,0.10878290708050416,0.4455274244580059,0.3288848936974041,0.45842056190288843,0.3355268223930313,1.0
0.3419682178032748,-0.8719079852239495,-0.319309744616925,-0.5271948768835714,-0.09821981317697381,-0.7400222564819603,0.1328235829646099,-0.545635835646271,-0.17996654748988286,-0.12736328410224002,-0.26742769323101684,-0.14714031711616946,-0.2876297599007629,-0.054853776304026484,-0.2610898994479474,-0.1574430992973665,-0.2339584101730562,-0.040696849351405356,0.1388697625164546,-0.043165050734416545,-0.012092755452857583,-0.2492093667715477,-0.11813840262550133,-0.06809887210520695,0.04611259185638645,-0.6234062370890525,0.08565357714325239,-0.3293937910620415,0.054821899686245255,-0.32280634235050504,-0.032598017349394846,-0.39099131177095225,-0.07066811157407982,1.0
0.31691026639083253,0.6076146766720579,0.08263015112915255,0.6873240475345636,-0.3753632490205999,0.8418495670961557,-0.4108932393752445,0.886999102883594,-0.5147300922112904,0.8373625546128307,-0.2880116426322465,0.8914976227249898,-0.5291953557856961,0.9235957533686915,-0.5816403702910792,0.9959576090950449,-0.6443592345173303,0.8706130157600258,-0.6466006886928614,0.948766200796926,-0.5328953987861589,0.893891246629651,-0.4571895875042346,1.0438166598510668,-0.6626266182354507,0.6481392884958215,-0.503228737453624,0.9411751169136038,-0.5489094122829525,0.8504077622204417,-0.7545082839234044,0.9052167707767007,-0.9091365655692298,1.0
0.1981003233462103,0.5867102346767117,-1.4977614569520994,0.6081964565885063,1.4950787783716735,-1.5,1.4627653878128617,0.9554151721557173,-1.5,0.9203108214410995,-1.4944701913530574,-1.4947718907844845,-1.4944298996558898,-1.4940655521503061,1.4946072826417802,0.9902295261650682,1.4935504983835994,1.0110634574217303,1.4947206674457136,-1.4969542180709603,1.5,1.0481124306861127,-1.494373908479481,1.0354437502980596,-1.4942931580669914,0.9101299953870193,1.4943761765371457,1.0654405301798935,1.4948854042208972,-1.5,1.4945970912081343,-1.4942505671823165,1.4975203973672342,-1.0
0.3252274414052759,-0.5266824519651826,0.24931000800076608,-0.38066677783284947,-0.08908200971839476,-0.5840393390031186,0.22048986561327022,-0.5420186622312867,-0.10282630147603207,-0.49510142496141357,0.1959669291536635,-0.2487330044457649,0.5533664801964134,-0.3855330385258267,0.34259546790282785,-0.6749496748381199,0.7436882627612341,-0.4901178288062096,0.5213421193116315,-0.1419472669334399,0.17651500137921722,-0.46522658936462896,0.6708795558554771,-0.7196043765906525,0.6939439212946324,-1.1518840926340552,0.597699571713918,-0.9073034233298309,0.34316067783415455,-0.7750511006614269,0.607416826424445,-1.023076369646553,0.5797113270777314,-1.0
0.31929916414371295,0.6353425776309684,-0.08219904157001551,0.7383012015669728,-0.23386207898141131,0.8734556650604431,-0.26102311573754944,0.9220496552824957,-0.43755027274979985,0.9281649832523926,-0.38500316665026374,0.9650733930854081,-0.2149490815670387,1.0063600481691592,-0.21194089299507393,1.0020425303751408,-0.017288656290109925,1.0009557518904613,0.04679415674721478,1.0896727613754837,-0.05612542942042376,1.0575680410498214,0.01884035300411101,0.9766872204075542,0.05096935211441588,0.8795431449584316,0.06347437014029166,1.027745527375102,0.00608113965750306,1.1320454807192952,-0.06775463533525083,1.2168672209883782,-0.11661567066968995,1.0
0.3395689837029132,0.20677969774872276,-0.08233410676745487,0.4382445616864592,-0.21665728164149067,0.5582413405655063,-0.1878611800935493,0.6993421234208079,-0.34223041837945234,0.22950045710461028,-0.19515447024608026,0.6295798830460706,-0.09366590324100656,0.6610577702041706,-0.03743849485113801,0.43064158714700435,0.39751264131218117,0.7713004149296147,0.1275718736301857,0.6188283652897607,0.12539148836498432,0.5419809157588161,0.25321027265534973,0.4639543430416352,0.3061461786711537,0.18792466140968506,0.27836195004941383,0.4091571348249789,0.08818013459051,0.40178961038733435,0.1786157697790566,0.39143949243225007,0.16034697657880118,1.0
0.2951444904156606,0.5979697142225442,0.09248001474202995,0.6506312438631471,0.16700476052308627,0.8084689980651004,0.26822040683194165,0.9259230769554108,0.34465112868487224,0.8049747260731664,0.6234951037658948,0.7443503955976614,0.8744677592002762,0.743041643187607,1.1301850124230808,0.5685838074619148,1.3991865229301077,0.5296826630329422,1.4588063554068793,0.3418556033327411,1.3342942956344563,0.20030386796380098,1.500034572932667,0.016992773692763374,1.5000703877742343,-0.39273923899096314,1.5000969723866313,-0.22778799891066662,1.5001611506163641,-0.38256909387178645,1.5001281882843023,-0.4966095326128362,1.500201454441144,1.0
0.3276085084772844,0.37239485962117225,0.08665425190807616,0.2409664576771337,-0.5731201150984254,0.5873071629474349,-0.34960501499485214,0.7763150284125782,-0.47429295848985403,0.7440275939000832,-0.04816677528755652,0.66360037431254,-0.05328294064293135,0.6898086455791983,-0.3513419086888303,1.0038522230264062,-0.03574901891015884,0.9734105093332637,0.17429577479204134,0.8874820396317931,0.014045039550821977,0.6854091016212743,0.23498534796638565,0.9669938119853262,0.05738548601264569,0.5742627924676452,0.12926340323033125,1.082012060782258,0.3081660600192835,0.9005633629255633,-0.20186586377254057,1.0677108303313982,-0.12150862584379046,1.0
-1.5,-1.5,1.4939151780954765,0.6304632681834422,1.496126739815806,-1.177540799433258,-0.30256560765043516,0.9608164194700666,-1.5,0.9272779125554869,-1.49584747481617,0.9604498457765243,-1.4956553868971438,-1.4954796440808928,-1.4958088769417206,-0.6164849917479848,0.003354473480532222,-1.4962786983513447,-1.4957948315999652,-0.5506146277413455,0.0293648055503537,-0.5985560856840135,0.1086718543867398,-1.4968499086040572,-1.4956996952771404,0.9107073499628309,-1.4958741962546611,1.0694627505382748,1.4959174063400087,-1.5,-1.4958937586488736,-0.666759143737006,-0.020886597378590048,-1.0
0.29236331249931563,0.673829547036761,-0.7482112470074501,0.709798001883265,-0.803142815823815,0.7780438842032469,-0.936669116509378,0.9640689810380496,-1.014296465719234,0.802099532471499,-1.3070516717107483,0.8170906482268557,-1.0822861580845815,0.6336982896010774,-1.4427358496113691,0.5115347410778915,-1.1642317958542425,0.3791633262194898,-1.0649134389655004,0.5714047269983598,-1.3680079545310957,0.30193590114961766,-1.5000302650611692,0.1660001247275033,-1.3045487828703168,-0.3511353455110101,-1.25846410746125,-0.2033690040354042,-1.4879839913090684,-0.33252994087848464,-1.4193069298456487,-0.4014546633341949,-1.4996471270420897,1.0
0.34047928752279755,-0.0910945964766996,-0.025725637014918985,0.053303490008329374,-0.10788411391289252,0.30147715207425296,-0.10681441794638612,0.37194151095209516,-0.37750049820117826,0.2802474955814909,-0.31485424149821034,0.6451602159983394,-0.18990972353954075,0.5985604412350405,-0.1560451447883592,0.5173260506906937,0.20938648603907906,0.493876512326589,0.23993100515231916,0.6533078051932651,-0.07730143306904902,0.671782314936789,0.10913196119381047,0.4113084733808642,0.4038935501373862,0.23102846682259792,0.3129637566565095,0.3863448359450761,0.31871939641528596,0.43423776232745664,0.3336365616017331,0.5457523819120138,0.3273896415031285,1.0
0.32385915965022904,0.6919785068817914,-0.2357748333046464,0.4588733233599909,-0.2023674562341883,0.5657485879082991,-0.9702439755982964,0.9649428683192112,-0.3006478618227636,0.6696500476511951,-0.6741045720481771,0.31741920875749546,-1.1002987047048056,0.40100211996158835,-0.9920050872779631,0.749214771528929,-0.7714252580351817,0.3571971050150832,-0.575647211224275,0.3830704826617539,-0.5813241855414362,0.011065795381738776,-0.7914216260332673,0.2977324389612888,-0.8689803401215132,-0.2492478015167272,-0.7149096773361343,-0.2900175871948623,-0.6180738018126064,0.12054614202257907,-1.056523899801338,-0.31277802867576693,-0.998991752791053,1.0
-1.5,-1.5,1.4970081926365835,-1.5,-1.5,-1.1922773975515042,-0.3147967521756746,-1.5,1.4925926263512292,0.9322139572999616,-1.5,-1.5,-1.5,-1.5,1.5,-0.6197497799147076,0.001982178429379297,-1.5,-1.5,-1.5,1.5,-0.6024313591496198,0.10901925878202746,1.045141525445594,-1.5,0.9193322242428311,1.5,1.0710662794788275,-1.5,1.1174545548015222,1.5,-0.6703458041944399,-0.018187149186282812,-1.0
0.32462012668850826,0.5241545728019675,-0.3022992004115529,0.68746790116732,0.1315030181418204,0.5447562909729867,-0.07370581191134304,0.7901759317662673,-0.4392391479089759,0.8795918153520633,-0.6716435450199953,0.9183088354224906,0.10855008821597147,0.9165667252568095,-0.09130891795883875,1.0026564362196018,0.006599842496029494,1.0258953086847644,0.046320278832652495,0.7034936150496984,0.2201543593372345,0.8627345249069273,0.164885738577377,0.7913011092527114,0.19820084956371933,0.7523847386822589,0.17422143931168307,0.9781905943958814,-0.1772213254191873,1.0816609950282194,0.12228633864115548,1.0786143660749177,0.09686965801330016,1.0
0.25757133198961285,0.6466140697815742,0.0626354942485086,0.6758792726065236,-0.17915947979811056,0.8742025422353255,-0.3907203141364548,0.9676748950109051,-0.20494757825463963,0.9355882720824411,0.0843206261554259,0.9698617158225824,0.22311475196061803,1.010485996837816,0.1243800171936541,1.0067671570804375,0.2184894890867483,1.0306193367666672,0.5715593062946427,1.0943742241294339,0.8858602293051462,1.0614995369608502,0.9058475845297957,1.049685405304173,0.537067705461744,0.9115464752385426,0.7997863395076961,1.003840911722591,1.0186975349213085,1.130310935239855,0.6443262997723478,1.2526198169477256,0.9796257989224346,1.0
0.2998204260455468,0.42157183715146185,-0.004922246484815249,0.3317846974002205,0.14571494835852913,0.8732724446602138,0.30645785165389006,0.757537167057545,-0.5550692924456944,0.7308572096841334,-0.35608079014419086,0.8139746115651078,-0.7326228828021955,0.8461069042659887,0.28162442670169496,0.8205590001968878,-0.08806201116227327,0.7793480604466633,0.027170453983980235,1.0579270511917591,-0.6580437759571931,0.7099097613097419,-0.36909658452390876,0.816615756896235,-0.04124199601772213,0.6288575696898402,0.07410072300563166,0.7113785029084234,-0.026146098187231435,0.7102135143281466,0.43435739424330244,1.0246724566536116,0.17017985908240424,1.0
0.15812636754893716,0.5585514220069446,-1.4869584877664843,-1.3311625901302073,-0.24411118517054636,0.37354184641225463,-1.5,0.5782288074979347,0.7309716912015903,-1.4795670151898077,-1.4786085769541997,-0.6334217264848697,-0.18401671764101188,-0.5134578977652402,-0.15215462701669263,0.5385689743703334,-1.4877030069689017,0.5854411130000794,-1.0930101462068897,-0.5493998196170911,0.044809161160933336,-0.28545500602430496,-1.478244191574508,-1.4841487789436252,-1.4778214883124325,-1.4614411891267156,-1.479266500202592,1.0545549376684522,-1.477913977278794,1.0965667867436995,-1.478661381123593,-0.6536856229910956,-0.013594243720926063,-1.0
0.268544834684293,0.10842367435939114,-0.20847591279157263,0.4679350307038047,-0.1664142535270312,0.850189208455081,1.090217697039993,0.2955633600714708,-0.48946031730059353,0.009468758279133295,-0.6309011067233778,0.6446021625855102,0.005937685517646603,0.3345874026685909,1.46371915220896,0.1900678981736745,0.4295600804129744,0.47022587502066754,0.2318931852665329,1.0523367169220328,-0.5544416409270227,1.0045235610781373,-1.4619793859814354,0.29998080055213644,0.7586989957761547,0.06416301898141619,0.378595121509063,0.06656251402599046,0.21021904337061667,0.22340228680949856,0.28169350204544075,1.2037549480242682,1.4673605915604633,-1.0
0.25246327614969605,0.4845768216002959,-0.5482558013643916,0.6003546363898065,-0.6392068626856644,0.6058580345501511,-0.7222380034048878,0.6041392412894545,-0.9497243948207725,0.5648720264679212,-0.9025711674818874,0.48897627508395686,-1.1987262111332482,0.4449843459140411,-1.2523385672434906,-0.015051493872261994,-1.4266687749005424,-0.1414048867074219,-1.3505342424497004,0.11246985986400067,-1.0322438168191201,-0.04663812057216709,-1.028782656510634,-0.4330425560343756,-1.1172282439419916,-0.8543375728031329,-0.962070630755107,-0.7914511207068722,-1.0323334749498185,-0.6622849508670129,-1.0511729603145967,-0.8157995745702765,-1.051763583772609,1.0
0.04477193783078598,-1.5,-1.4955618144533938,-1.5,1.4882258303917337,0.7640418545479556,0.8069693461758454,-0.9256773941636475,-1.5,-1.4876932822967763,-1.4873769038247038,0.94884782008281,1.487266227164063,0.8221444473210837,-1.4872595716810537,-1.4872011997651733,1.4850837857400405,0.7528731392493007,1.4875111400699481,1.0745363158468304,-1.4245891241944293,-1.4859842085721116,-1.4857807230395017,-0.9981477794896854,1.4878003411945047,0.941105933214055,-1.4856276551174998,-1.5,-1.4868680491030075,-1.5,1.487210415667959,1.2291536463064445,0.7013410093708841,-1.0
-1.5,0.4816945875949172,1.4722699590952444,0.4690684102540045,-1.4763639277277496,0.7672984856235221,1.3707372629542496,0.9437872311022689,1.4582099415731227,0.9067579081839027,1.4740192634052667,0.9371735028655976,-1.4767170296355752,0.9823195811357125,1.4767242151362616,0.974513774766404,-1.4879272583615453,0.9935538465653054,-1.4746342074485903,1.0622789740500287,1.5,1.0346605825642339,1.476993840683184,1.0220980269526094,-1.4738986137296675,0.9159566609332607,1.4750090069821415,1.0365912477255224,1.4771026659011144,1.0824765205725422,1.475282645850542,1.215311938998095,1.489055148720713,-1.0
0.1676467774437016,0.41574448387205043,0.7299202337255205,0.03881175635297858,1.2368078619255307,-0.611267874806254,1.4245172027325028,-1.232961434666724,1.1906456263626006,-1.4103308627608206,1.5000000019936923,-1.5000000077743143,1.407142712805907,-1.500000015872106,0.7702985257310758,-1.500000023305575,0.1950343468175472,-1.5000000242651526,0.10799805006862508,-1.5000000051181084,-1.2346166943879093,-1.3672752560315986,-1.3777344157325666,-0.9213209483892882,-1.5000000033368113,-0.6331775607612385,-1.4258118668478743,0.18107906009938868,-1.3322766609123184,0.5883666386619826,-0.8919505414298451,0.7892944600887052,-0.2994155550560647,1.0
0.1181886809053347,-1.5,-1.4978609308958108,-1.5,1.4902227104841599,0.7979166730110295,-1.5,0.9575087304524129,0.708682156284604,-0.8397961086155348,-0.31129305151497644,-0.25830183150065883,-1.4890328720197046,0.9989283500923879,1.4895937757587494,-0.6138231633523592,-0.0008530566909940229,1.0151955352573974,1.4896292304832068,1.0810939858023587,1.5,-0.595369998018922,0.10838837831341942,-1.4918582317215152,1.4898693835655235,-0.3582551192700459,-1.4895852135448098,1.0597940875179568,-1.4893198144709598,0.5770754575278575,-1.4896345949916534,0.24036053878735014,1.5,-1.0
0.31011246978002854,0.44013873579950996,-0.0182231289363646,0.5364756516175687,-0.24642075541029543,0.6794640383940378,-0.24366222823886072,0.6965365470208041,-0.3815056172860587,0.8469813116174497,-0.16380417560769228,0.7600605170318574,-0.17011529153932506,0.7994405571608932,-0.1310877124609502,0.7439176210068192,-0.11961752550207365,0.8012061761750569,0.09454986477292707,0.8334544690003708,0.029426206489656093,0.7863275331632028,0.1426190579108653,0.6931521601366484,0.054516546512839395,0.5529199336000907,0.16470649197737397,0.7694496683306136,0.22731753513148234,0.7973424236962531,0.052842382833321884,0.8693374012680759,0.024667704577798457,1.0
0.33344998993382174,-0.2940438066957389,-0.4904215747608467,0.2017929743975911,-0.22246082443798887,0.321155954087981,-0.19887204319726592,0.3348323319025047,-0.3541454380998681,-0.23303217019855288,-0.20263302647813278,0.47269178311128573,-0.10198161823606881,0.5205483963795604,-0.045516292753415226,0.4717595077296805,0.12311942089103113,0.44559742411247344,-0.044252869810324794,0.5106940291606078,0.12492270378947413,0.44769303948013545,0.25123462189564594,0.7770683379832455,0.5005170165966625,0.11723080575747916,0.2808218920209477,0.005851852050126216,0.18992752839188193,0.37370753299066145,0.18591672691349675,0.3808594632869781,0.17237266344540506,1.0
0.3374159950411269,-0.3653516675271491,0.15646306678804192,-0.03626392125405187,-0.24154169198879838,0.0019277334872262507,-0.10682887006947608,-0.06810088651035467,-0.6732742984655534,0.09666395691107225,-0.290130438598739,0.38824625259755335,-0.5230058811294098,0.517467200424171,-0.23093440185060407,0.2684967943689224,-0.26852106408305015,0.27804131979475316,-0.044364476749779634,0.23562116185614945,-0.39176635028286844,0.2413329898380948,-0.15005121199255628,0.030491654568525147,-0.260693671137912,-0.0011276459964903191,-0.08240722032837328,0.3872274869984038,-0.0023963279757291895,0.3247972624757982,-0.2239187435937318,0.4138576650934262,-0.12554218135013517,1.0
0.2945046118688979,-0.5234344500802742,-0.23756453582949127,0.6469856317965212,-0.14856023116056927,0.8625685059770982,1.439504417996444,-0.2868732847183424,-0.06221796018136842,0.11754601861776212,-0.047641358664747196,0.33079698876766056,-1.4564175083785698,0.3499450655615594,1.2835723451736947,0.4459801649361778,-0.19919256948801287,0.15938566000013685,-0.16971756598534815,0.5075075041315327,0.2755508746986343,0.7583361800361998,0.9414987373133522,0.12864269745249943,0.4493104191957998,-0.08356211451446122,0.3783108109245629,-0.09559366340011152,0.004896555429539122,0.05989802399777542,0.2609138038569675,-0.008589241495975605,0.23467256206939155,-1.0
0.3231018720575063,0.6219005657248333,0.05897839475030099,0.7432269855874006,-0.1593110659142503,0.9040687485428545,-0.06544758495632881,0.771035777569481,-0.48570979805677,0.7418819453816667,-0.26219885105252794,0.6968592154528437,-0.3142587040805622,0.8164172212031987,0.059427519818584074,0.6230577641577129,0.012237154878787038,0.6300776573085876,-0.05605740817007109,0.5313590577517991,-0.15979062841530856,0.46332759269300855,-0.0037654088076428177,0.27819004763162064,-0.011765596867529394,0.08078833252287368,0.08680680823933744,0.20464024081180185,0.03025297840421357,0.27938991094990984,0.007220932840560491,0.32948966531719814,-0.032795504274486964,1.0
0.28212935727215016,0.6664332463373895,0.5338097271956197,0.7004948420278366,-0.19903834897821465,0.8843492392546395,-0.11879791148822066,0.9659084120421646,-0.29400932028891524,0.9113953243651809,0.36042984103682085,0.9674444358538126,-0.0783738527757613,1.008403101925252,-0.05988681540960983,0.935329338437939,-0.4918286920296829,0.7772902204641781,-0.12133535780946052,1.092000793522759,0.0881637822117579,1.0584002119540163,0.6302584116006272,1.0476453299666828,-0.6308838145070095,0.834851704656151,0.08741311585181069,0.8486517113063538,0.5167469851590087,1.035297837775061,-0.42302906354758524,0.8724388583620408,-0.18281896887129093,1.0
0.32513113547772765,-0.10855977609514059,0.2331536571533442,0.1631618914407199,-0.5612682860867058,0.6052969430014397,-0.5172792548883705,0.591966844303273,-0.33047896334900984,0.051244110570350936,-0.2590904104140751,0.4453044610879883,-0.28371785944083844,0.7171673908826155,-0.46036895768011465,0.21671606682954545,-0.4913687754908874,0.7381621296129578,-0.23231881934469745,0.6058351748505434,-0.013777060766110426,-0.050833085247764906,0.2286348369374459,0.28687168945957053,-0.5179948712694239,0.148153706582136,-0.18125365265984544,0.26044607973191025,0.013804907076575066,0.32659069876733504,-0.607637674929688,0.6279406946231787,-0.5043399192932216,1.0
0.18249899578569176,0.37395039216725445,0.7609905810290317,0.42533460003606566,0.5640423952580307,0.31119191128382456,0.9784986806910271,-0.11154534866452372,1.2224974705562477,-0.5077364831068276,1.490539069991179,-0.681921835064537,1.5000000017961321,-0.846210473647475,1.5000000051184703,-1.229422923379014,1.3690248366804678,-1.3769185094241008,0.9707047806493194,-1.5000000093298285,0.7833588576419923,-1.5000000190044827,0.27702758524235477,-1.5000000169583247,-0.10643989640192456,-1.4867328799360577,-0.31337956124492916,-1.5000000041523798,-0.7878693516835332,-1.4113585624530196,-0.9842375413295318,-1.2219896707557307,-1.2310580256546186,1.0
-1.5,-1.5,-1.1711134863558317,-1.5,-0.5466215563391925,-1.5,-1.5,1.5,-1.5,1.5,-1.1602053579236566,1.5,-0.7206839132739508,1.5,-0.07115317108404617,1.5,-0.07885934561414089,1.5,0.3551957910590685,1.5,1.5,1.5,0.14283524699562852,1.5,0.6375954466117023,1.5,0.7513692560664501,1.5,0.08810286988054732,1.5,0.5949572280742407,1.5,1.257438735785663,1.0
-1.5,-1.5,-0.17549397317214738,-1.5,1.5,-1.5,-1.5,0.14719624568653691,1.4152036316609595,0.24631345438405886,1.5,0.058400245635739194,1.5,-1.3911109892160392,1.5,-1.5,1.5,-1.5,1.5,-1.5,1.5,-1.5,1.5,-1.5,1.5,-1.0464429749496433,1.5,-1.5,1.5,-1.5,1.1458913965602067,-1.5,1.4999996621887326,1.0
-1.5,-1.5,-1.5,-1.5,0.2214931799940744,-1.5,-1.5,0.8595459760136436,-1.158091077718577,0.7934390441092795,0.3458606473255899,0.8205453103712238,-0.023043112640335327,0.8847285770605291,-0.4083226268782371,0.8611475501866562,-1.4923722443217777,0.8499351110953816,-1.28860925405502,0.3123135372616488,1.5,0.9493889218748943,1.113850357928871,0.9227961934709311,-0.1536019538578268,1.5,0.6589109933812479,0.5508207837846997,-1.0574688758540594,0.3704150410861958,1.3001243197906203,1.0836914753583615,0.058205666647219254,-1.0
-1.5,-1.5,-1.5,-1.5,1.5,-1.5,-1.5,1.5,-1.5,1.5,-1.4999999973250153,1.5,1.0564534141621376,1.5,1.423615717988615,1.5,1.5,1.5,1.5,1.5,1.5,1.5,1.5,0.6455011471390503,1.5,1.5,1.5,1.3285112659192266,1.5,-0.9717635496010261,1.5,1.0085583242921112,1.5,1.0
-1.5,-1.5,-0.009587426303598596,-1.5,0.03471097813475348,-1.5,-1.5,-0.8853831426885957,0.035651407704894694,-0.6477729034577833,0.3542283855074824,-0.8193329344061342,0.42286312814315746,-0.6047842041497127,0.3765239889219394,-0.4925063466674553,0.5758214387759569,-0.9826155471850754,0.2513701279106074,-0.7375255836785157,1.4207707554153894,-0.7402077923992094,0.6823639668402232,-0.7609212583292294,0.04626830290453621,-0.319259326735069,-0.00814893128222492,-1.5,-1.269590570552412,-0.9688189684579722,-0.12066951273554272,-0.568498828093204,0.1446509818054881,-1.0
-1.5,-1.5,0.3257356777448677,-1.5,1.5,-1.5,-1.5,-1.4999999999999998,1.5,-1.5,1.5,-1.5,1.5,-1.5,1.5,-1.5,1.5,-1.5,1.5,-1.5,1.5,-1.5,-0.27571989566229277,-1.5,-1.5,-0.6154513775600183,-1.5,-1.5,-1.5,-1.5,-1.5,-1.5,-1.5,1.0
-1.5,-1.5,-1.4999999976278235,-1.5,-1.2951362837177784,-1.5,-1.5,1.5,-1.5,1.5,-1.4945984035907693,1.5,-1.2058932964501645,1.5,-1.5,1.5,-0.05644787389699438,1.5,-0.16390370867585394,1.5,1.5,1.5,-0.9097990830931231,1.5,0.5190579398783257,1.5,-0.34569431344646756,1.5,-0.9305662028669436,1.5,-0.9902096947466403,1.5,-1.5,1.0
-1.5,-1.5,0.7342248048419753,-1.5,1.5,-1.5,-1.5,-1.5,1.5,-1.5,1.5,-1.5,1.5,-1.5,1.5,-1.5,0.586290369869769,-1.5,-0.6290939201326305,-1.5,1.5,-1.5,-1.5,-1.5,-1.5,0.24412429267190675,-1.5,-1.5,-1.5,-1.5,-1.5,-0.14301839673987654,0.7151181326603127,1.0
-1.4310558265704245,-1.5,-0.13098857292953026,-1.5,-0.23677940556685284,-1.4999999999957665,-1.2744239414801348,-0.545297275294103,-0.5798184287395431,-0.33411193142631684,-0.2589996913648799,-0.36636396081720285,-0.013050499336500578,-0.21327524094790906,-0.34199715445257517,-0.12469891421310864,-0.12684865313034507,-0.2498891000193665,0.1519091089594701,-0.2681020661457205,0.5809614742892888,-0.2781570646567083,0.09142619850434812,-0.2934251187284855,-0.036870033484053724,-0.37210402150474825,0.10855663530447776,-0.48263953282184635,-0.04812631696021002,-0.5278477355578622,-0.11034440937110553,-0.33601758374108764,-0.016443834740115855,-1.0
-1.5,-1.5,0.02594213303040015,-1.5,-1.323800156847036,-1.4988752311621554,-1.5,0.9290433337773585,-1.4998385978004465,1.2009855587202425,0.0008394078325870384,1.4999999999999283,-0.6353923696462572,1.5,-0.055489049616407944,1.5,-0.9845929647642752,1.5,-0.40506611056309244,1.3020290218585269,1.4999999999999678,0.7845683107222944,0.8396632965543582,1.3765463391937975,-0.2351767308198015,1.5,0.31565191891536737,0.9484474545288237,0.3283363672465176,1.4305185927022197,-0.2389190155432064,1.499991913767506,0.10151403150422636,1.0
-1.5,-1.5,-1.0822264967874529,-1.5,-1.027618507869661,-1.5,-1.5,1.5,-1.5,1.5,-1.2715069247354442,1.5,-0.8166683967217672,1.5,-0.7910796523250552,1.5,-0.5486886422213078,1.5,-0.18436453188044993,1.5,1.5,1.5,-0.033400580132845616,1.5,0.01826628597822741,1.5,0.14801110476389223,1.5,-0.44880333691000895,1.5,-0.4065877774197822,1.5,0.40492267199536314,1.0
-1.5,-1.5,-0.01910830296660683,-1.5,0.4684973917712396,-0.8711078739579925,-1.5,0.277656217203688,-0.48874433172451476,0.6784340896013431,0.1715592891075814,0.6782972142656316,0.7710013039160568,0.7592539406390394,0.45949227101626855,0.719081153863943,-0.058349245918864825,0.2143986507016212,-0.5639861541212593,0.8080986909873742,1.5,0.6904131229927845,0.46093819309239853,0.690220896475544,-0.3636376944539165,1.249205673018076,0.29460123712407627,-0.24263650158032965,0.024360045805544264,0.5083115568539698,0.3183912515889993,0.919849932808059,0.8063565771922597,-1.0
-1.5,-1.5,-1.5,-1.5,-0.35441989876456803,-1.5,-1.5,-1.351932196079563,-1.479255889466549,-1.0795439235398117,-0.40389697217419185,-0.793619612465365,-0.26283056409702665,1.2588256211239865,-1.5,-0.8016077034418418,-0.2521264485832776,-1.5,-1.5,-0.7339256529356842,1.5,1.3143006611122277,1.5,1.2863131900535358,-1.5,1.5,-1.5,-1.3636207984080788,0.06273557061949005,-1.5,0.014974836799516215,-0.87306175944368,0.6664018063974357,-1.0
-1.5,-1.5,-1.1651157213719683,-1.5,-0.3364538829467763,-1.5,-1.5,1.5,-1.2740561907035775,1.5,1.1039021293678417,1.5,1.5,1.5,1.5,1.5,1.5,1.5,1.5,1.5,1.5,1.4924453173330903,1.5,1.4211120753058593,1.5,1.5,1.5,0.11155190718934846,1.5,-1.0909327579111794,1.5,0.14927227242313984,1.5,1.0
-1.5,-1.5,-0.40810631220698035,-1.5,-1.499999785407124,-1.499999999996656,-1.5,-0.3985831117054679,-0.7914059921621065,-0.07724427745877827,-0.5638238330292699,0.9536483457187654,-1.3591430758388279,0.49812656406145206,-0.6950537911138313,0.6272668358013752,-0.3547869460191555,1.1922595083528955,0.03529438020819422,0.6835312236618679,0.9339466212378679,0.2642910227978204,0.17636635101523973,0.923372923460003,0.2941906290194543,0.6588300821871746,0.22436229003774621,0.11923546081007899,0.2760276731321503,0.6022167030698407,-0.26666200123239403,1.23006428403481,-0.3176969724817554,1.0
-1.5,-1.5,1.5,-1.5,1.5,-1.5,-1.5,-1.5,1.5,-1.5,1.5,-1.5,1.5,-1.5,-1.073548454033744,-1.5,-1.5,-1.5,-1.5,-1.5,1.499999999989648,-1.0684253537183384,-1.5,0.7316660040860867,-1.5,1.5,-1.0639276601889842,0.8165596959957859,0.8197148593633606,-0.7863377759417768,1.5,-0.12448154283022679,1.5,1.0
-1.5,-1.5,-0.34708332228276245,-1.5,-0.2928071890422405,-1.5,-1.5,-1.143804048927164,-0.9968240334125688,0.2883675469482857,1.5,-0.7055497441742016,-0.21553563193845843,-0.5965492773022134,-0.17526685847623386,-0.023770155250246748,-1.5,0.378185321227077,-1.5,-0.6192978417557339,1.5,-0.6885280101088328,0.11576817305162189,-0.7784037024124217,0.15007945754430732,1.5,0.36670731851795246,-1.0520523012448817,0.05600016559827172,-1.2355347440553006,0.01112989034498494,-0.7473269071479355,0.37203714242754793,-1.0
