-0.5,0.5,0.3826020913706908,-0.5,0.5,0.5,-0.5,-0.5,0.5,0.5,0.11705279033618783,0.19253556890671084,-0.2480712322928376,0.5,0.5,-0.5,0.5,-0.5,-0.5,0.22657930144590505,-0.5,0.5,-0.3508706479221816,-0.5,0.5,-0.03313406555289386,0.2947052648325358,-0.5,-0.1405136486122533,-0.5,0.5,-0.5,-0.5,-0.19754206160747304,-0.5,0.5,-0.017885101610274744,-0.5,-0.36517016300928845,-0.5,-0.12680861595035267,-1.0
-0.5,0.5,0.3810358654244942,-0.5,0.5,0.5,-0.5,-0.5,0.5,0.5,0.11393982686415344,0.18365623241825466,-0.27051630652050684,0.5,0.5,-0.5,0.5,-0.5,-0.5,0.25249005684422915,-0.5,0.5,-0.4064538428874007,-0.5,0.5,-0.5,0.395895778249248,-0.5,0.01908431691557416,-0.5,0.5,-0.5,-0.5,-0.1654238492870668,-0.5,0.5,-0.0032440186021949215,-0.5,-0.3692292555688045,-0.5,-0.12670625713162353,-1.0
-0.5,0.5,0.2546369741524532,-0.5,0.4039848933402943,0.5,-0.5,-0.5,0.5,0.5,0.07841628182976795,0.18732517351660868,-0.24750668205922477,0.5,0.5,-0.5,0.5,-0.5,0.5,0.22030333677268268,-0.5,0.5,-0.19972491617991733,-0.5,0.5,0.1364374883701919,-0.028949009834867635,-0.025789348596390357,-0.4827697011939485,-0.5,0.5,-0.5,-0.5,-0.1851436700799201,-0.5,0.5,-0.09848608160771387,-0.5,-0.357182569984846,-0.5,-0.16199998014235859,1.0
-0.5,0.5,0.4579610988090666,-0.5,0.33990547095467927,0.5,-0.5,-0.5,0.5,0.5,0.08008987480045997,0.13593970230809588,-0.23352655097761169,0.5,0.5,-0.5,0.5,-0.5,-0.5,0.1412339281179401,-0.5,0.5,-0.43282890180316397,-0.5,0.5,-0.45164005416253067,0.29131469105373414,-0.5,-0.08632822294037157,-0.5,0.5,-0.5,-0.5,-0.27916709871166934,-0.5,0.5,-0.09968241932041841,-0.5,-0.34928302371492603,-0.5,-0.16075474831252887,1.0
-0.5,0.5,0.24371556452328633,-0.5,0.4132550449388488,0.5,-0.5,-0.5,0.5,0.5,0.07847543383107947,0.19353431557256695,-0.30811932803410164,0.5,0.5,-0.5,0.5,-0.5,0.5,0.22484632008216604,-0.5,0.5,-0.18986740639142927,-0.5,0.5,0.1286065082456582,-0.03371072640353432,-0.016655505597363503,-0.4841013258652187,-0.5,0.5,-0.5,-0.5,-0.17960563041333671,-0.5,0.5,-0.09811816268505648,-0.5,-0.3570153329866861,-0.5,-0.16100739040502482,1.0
-0.5,0.5,0.46456115817637533,-0.5,0.333551188667763,0.5,-0.5,-0.5,0.5,0.5,0.08269941390781783,0.1332768458857936,-0.242635531770386,0.5,0.5,-0.5,0.5,-0.5,-0.5,0.13501860702002888,-0.5,0.5,-0.2850316796497453,-0.5,0.5,-0.5,0.2673067857874114,-0.5,-0.0490301552467392,-0.5,0.5,-0.5,-0.5,-0.21317671534349916,-0.5,0.5,-0.09679137688374115,-0.5,-0.3518035462886919,-0.5,-0.15970774993013978,1.0
-0.5,0.5,0.2523414131237586,-0.5,0.4016096995724647,0.5,-0.5,-0.5,0.5,0.5,0.06355021126393351,0.194899969256528,-0.25630202818615594,0.5,0.5,-0.5,0.5,-0.5,-0.5,0.17323910601316547,-0.5,0.5,-0.2976709498839805,-0.5,0.5,-0.5,0.14976217507919334,-0.5,-0.17813635320788582,-0.5,0.5,-0.5,-0.5,-0.24746845339774984,-0.5,0.5,-0.10175874797662218,-0.5,-0.35881768427861255,-0.5,-0.16115018857532712,1.0
-0.5,0.5,0.2759445796159804,-0.5,0.5,0.5,-0.5,-0.5,0.5,0.5,0.1348364527970416,0.20704114015252614,-0.3318933568323713,0.5,0.5,-0.5,0.5,-0.5,-0.5,0.2483718291630024,-0.5,0.5,-0.11721563745043684,-0.5,0.5,-0.5,0.022761197931048194,0.11263373169361388,-0.4239331518503988,-0.5,0.5,-0.5,-0.5,-0.030160619243644108,-0.5,0.5,-0.014863366874684484,-0.5,-0.3696285109574428,-0.5,-0.11809160129951991,-1.0
-0.5,0.5,0.25180601645352063,-0.5,0.41142772481130285,0.5,-0.5,-0.5,0.5,0.5,0.07908014071096463,0.1956101992508798,-0.3142178749867562,0.5,0.5,-0.5,0.5,-0.5,-0.5,0.1957953566403559,-0.5,0.5,-0.16065392926302416,-0.5,0.5,-0.5,-0.0758667530218736,0.07955648108513592,-0.48562830150133374,-0.5,0.5,-0.5,-0.5,-0.15243777198511724,-0.5,0.5,-0.1080531607068969,-0.5,-0.35895315746294826,-0.5,-0.15518941462256955,1.0
-0.5,0.5,0.38030790384683244,-0.5,0.5,0.5,-0.5,-0.5,0.5,0.5,0.11389070320625745,0.18385617072094673,-0.27013651477870804,0.5,0.5,-0.5,0.5,-0.5,-0.5,0.2526208475094926,-0.5,0.5,-0.41329729717887176,-0.5,0.5,-0.5,0.39647931306634704,-0.5,0.016642142411249686,-0.5,0.5,-0.5,-0.5,-0.16883872741496886,-0.5,0.5,-0.003434960251575002,-0.5,-0.3691027037975366,-0.5,-0.12667859010340066,-1.0
-0.5,0.5,0.4579547332717953,-0.5,0.33756521068382295,0.5,-0.5,-0.5,0.5,0.5,0.08023397421402385,0.1335758426348588,-0.24110004818619124,0.5,0.5,-0.5,0.5,-0.5,-0.5,0.14442973183627966,-0.5,0.5,-0.4327029232073077,-0.5,0.5,-0.5,0.31850050880319997,-0.5,-0.04061436261318271,-0.5,0.5,-0.5,-0.5,-0.2626593130281326,-0.5,0.5,-0.09504131510602723,-0.5,-0.35072324177141445,-0.5,-0.16080122524982352,1.0
-0.5,0.5,0.4585771680562108,-0.5,0.3686252793901094,0.5,-0.49412652829058806,-0.5,0.5,0.5,0.05811719499097218,0.1754407439086735,-0.1836919724352458,0.5,0.5,-0.5,0.5,-0.5,-0.5,0.12585310060804486,-0.5,0.5,-0.35014452560099546,-0.5,0.5,-0.20222403248789686,0.10975431194755925,-0.4999999999999971,-0.3196631367498618,-0.5,0.5,-0.5,-0.5,-0.3001178167709353,-0.5,0.5,-0.11593546278266559,-0.5,-0.3464915907793667,-0.5,-0.16158591900015995,1.0
-0.5,0.5,0.38087262648713016,-0.5,0.5,0.5,-0.5,-0.5,0.5,0.5,0.11395283501087741,0.18373843365794237,-0.27029415556583514,0.5,0.5,-0.5,0.5,-0.5,-0.5,0.25243612610205296,-0.5,0.5,-0.40766715858056335,-0.5,0.5,-0.5,0.3951390951256588,-0.5,0.017356272235630483,-0.5,0.5,-0.5,-0.5,-0.16648187573958803,-0.5,0.5,-0.003403188986319173,-0.5,-0.3691551402680214,-0.5,-0.12668654463220105,-1.0
-0.5,0.5,0.4653157566356323,-0.5,0.33599177157997157,0.5,-0.5,-0.5,0.5,0.5,0.08301571886010152,0.1346144758782555,-0.23530730200242847,0.5,0.5,-0.5,0.5,-0.5,-0.5,0.13436549953389673,-0.5,0.5,-0.29945144030464504,-0.5,0.5,-0.5,0.2158732042810131,-0.49979710159921054,-0.11721317884040187,-0.5,0.5,-0.5,-0.5,-0.22687628892201891,-0.5,0.5,-0.10073233796856919,-0.5,-0.34992057628901285,-0.5,-0.15891748670019396,1.0
-0.5,0.5,0.381504307543475,-0.5,0.5,0.5,-0.5,-0.5,0.5,0.5,0.11419870573531028,0.18400582509981062,-0.26891536436812524,0.5,0.5,-0.5,0.5,-0.5,-0.5,0.25125414012666736,-0.5,0.5,-0.40506664874613874,-0.5,0.5,-0.49999999432613085,0.39192829898580345,-0.5,0.011412144235027111,-0.5,0.5,-0.5,-0.5,-0.16805838979034105,-0.5,0.5,-0.004302720159874782,-0.5,-0.3689420174846793,-0.5,-0.1266021647888012,-1.0
-0.5,0.5,0.37861281086169135,-0.5,0.5,0.5,-0.5,-0.5,0.5,0.5,0.11424090116834483,0.19073508392367824,-0.2592039996360934,0.5,0.5,-0.5,0.5,-0.5,-0.5,0.231881311707457,-0.5,0.5,-0.4295519734937009,-0.5,0.5,0.11474317797818774,0.39764644684433714,-0.5,-0.03563516436287107,-0.5,0.5,-0.5,-0.5,-0.18978534859606364,-0.5,0.5,-0.005675195211138159,-0.5,-0.3688060157656956,-0.5,-0.12897287789465,-1.0
-0.5,0.5,0.3841929895590316,-0.5,0.5,0.5,-0.5,-0.5,0.5,0.5,0.1163187546140904,0.19188783889799146,-0.2540591022733609,0.5,0.5,-0.5,0.5,-0.5,-0.5,0.22528975422644515,-0.5,0.5,-0.3165742473471456,-0.5,0.5,0.0032296699722959804,0.3151362283702554,-0.5,-0.09871213425858205,-0.5,0.5,-0.5,-0.5,-0.171984352297865,-0.5,0.5,-0.01417947912081641,-0.5,-0.36716233466093195,-0.5,-0.12735667686781044,-1.0
-0.5,0.5,0.27184343978901365,-0.5,0.4217016845999703,0.5,-0.5,-0.5,0.5,0.5,0.052309583572845944,0.21893402587184402,-0.22969716915921448,0.5,0.5,-0.5,0.5,-0.5,-0.5,0.16847932802977833,-0.5,0.5,-0.13168631426167363,-0.5,0.5,-0.5,-0.08152322996820446,0.0852858517955383,-0.47967339671883186,-0.5,0.5,-0.5,-0.5,-0.13339171400959146,-0.5,0.5,-0.10679440753057494,-0.5,-0.3618322834520445,-0.5,-0.1574619361227004,1.0
-0.5,0.5,0.45360238798365077,-0.5,0.3437951780791206,0.5,-0.49584243833726566,-0.5,0.5,0.5,0.07728845560938659,0.1444215246555847,-0.22985546014443367,0.5,0.5,-0.5,0.5,-0.5,-0.5,0.12445403743888434,-0.5,0.5,-0.4429783380952388,-0.5,0.5,0.17832846511807626,0.323495840566188,-0.5,-0.09040090420571638,-0.5,0.5,-0.5,-0.5,-0.2800917635604437,-0.5,0.5,-0.09825763429760619,-0.5,-0.3510404590053884,-0.5,-0.16388580534806824,1.0
-0.5,0.5,0.26693294322304745,-0.5,0.42546423378784987,0.5,-0.5,-0.5,0.5,0.5,0.0500144606599829,0.22552923195907804,-0.2183175262570155,0.5,0.5,-0.5,0.5,-0.5,-0.26079130720214616,0.15965357143814646,-0.5,0.5,-0.16577949171380074,-0.5,0.5,0.122657290519088,-0.04683022377661632,-0.031642250148928304,-0.4845958308054284,-0.5,0.5,-0.5,-0.5,-0.17362718554635567,-0.5,0.5,-0.10689354603065326,-0.5,-0.3603591196370833,-0.5,-0.1612752712780452,1.0
-0.5,0.5,0.24993498671132847,-0.5,0.4063960948658421,0.5,-0.5,-0.5,0.5,0.5,0.07182166178741012,0.20000221885091082,-0.23761735757155908,0.5,0.5,-0.5,0.5,-0.5,-0.5,0.16699920900702786,-0.5,0.5,-0.2751743643371516,-0.5,0.5,0.20779117620518783,0.053614088426633996,-0.4324953892132551,-0.3658142356828859,-0.5,0.5,-0.5,-0.5,-0.2755734727309884,-0.5,0.5,-0.11344835271729818,-0.5,-0.3566995039817058,-0.5,-0.16350744789111904,1.0
-0.5,0.5,0.45778208273732285,-0.5,0.34072574835071906,0.5,-0.5,-0.5,0.5,0.5,0.0793546640947952,0.13812297938813406,-0.23243236423545297,0.5,0.5,-0.5,0.5,-0.5,-0.5,0.13421633350516193,-0.5,0.5,-0.43917472834973753,-0.5,0.5,-0.14002692717653237,0.31043265447277807,-0.5,-0.08295306630582233,-0.5,0.5,-0.5,-0.5,-0.2780438766824792,-0.5,0.5,-0.09787047222509929,-0.5,-0.35018830870127576,-0.5,-0.16260388858264516,1.0
-0.5,0.5,0.2575385985236362,-0.5,0.40157811982197483,0.5,-0.5,-0.5,0.5,0.5,0.07982458435922586,0.18374781986340863,-0.25215965019431763,0.5,0.5,-0.5,0.5,-0.5,0.5,0.22751316410772568,-0.5,0.5,-0.1712080807488756,-0.5,0.5,-0.11503367999829156,-0.04511405326193038,0.019740138540736495,-0.478398166273174,-0.5,0.5,-0.5,-0.5,-0.1626905726084341,-0.5,0.5,-0.09680483498528879,-0.5,-0.3574467565675201,-0.5,-0.1603883840806045,1.0
-0.5,0.5,0.27310657848433034,-0.5,0.5,0.5,-0.5,-0.5,0.5,0.5,0.13436822054337996,0.21195369031810626,-0.3237791599348264,0.5,0.5,-0.5,0.5,-0.5,-0.36251899420682704,0.2401495083659501,-0.5,0.5,-0.12349437155362694,-0.5,0.5,-0.0022848138733071906,0.038513857467581195,0.047947015178313845,-0.4379637758358696,-0.5,0.5,-0.5,-0.5,-0.05205117252674036,-0.5,0.5,-0.014005154606031385,-0.5,-0.3688482490077163,-0.5,-0.1204590817590592,-1.0
-0.5,0.5,0.4746563994888145,-0.5,0.33901040475683747,0.5,-0.5,-0.5,0.5,0.5,0.08793630393444585,0.13397673980989547,-0.2380234706988883,0.5,0.5,-0.5,0.5,-0.5,-0.5,0.13014891928492667,-0.5,0.5,-0.09970510242610031,-0.5,0.5,-0.5,0.05492607899226129,-0.16562968748782345,-0.29109027718755787,-0.5,0.5,-0.5,-0.5,-0.1325726122859368,-0.5,0.5,-0.10582125087235376,-0.5,-0.35070484840393684,-0.5,-0.15393779718891534,1.0
-0.5,0.5,0.22585946678549215,-0.5,0.41018370126353815,0.5,-0.5,-0.5,0.5,0.5,0.06825486866392662,0.20251124744619317,-0.3182111089084374,0.5,0.5,-0.5,0.5,-0.5,-0.36277173404513313,0.1895298664599513,-0.5,0.5,-0.3944930416211589,-0.5,0.5,0.21625086903532215,0.2355300324230098,-0.5,-0.1484922162542394,-0.5,0.5,-0.5,-0.5,-0.27985500790977824,-0.5,0.5,-0.09410209692747723,-0.5,-0.36056517608576316,-0.5,-0.16592409242407383,1.0
-0.5,0.5,0.4475323603398417,-0.5,0.36856848701360684,0.5,-0.49122538859656173,-0.5,0.5,0.5,0.054027370187923016,0.17792155770216775,-0.19496825604705248,0.5,0.5,-0.5,0.5,-0.5,-0.5,0.12405671491740876,-0.5,0.5,-0.4791595071703984,-0.5,0.5,0.2361649291987453,0.26504288215708005,-0.5,-0.18838849983707787,-0.5,0.5,-0.5,-0.5,-0.3227900890598544,-0.5,0.5,-0.10432262992099749,-0.5,-0.3505650662214127,-0.5,-0.1661242390384422,1.0
-0.5,0.5,0.25563188173081614,-0.5,0.40361221020465937,0.5,-0.5,-0.5,0.5,0.5,0.07878751148548517,0.18713744908783472,-0.24849561037221074,0.5,0.5,-0.5,0.5,-0.5,0.5,0.21957645990430794,-0.5,0.5,-0.18474249008971627,-0.5,0.5,0.13254387133200168,-0.03401104905826874,-0.010979431956385304,-0.4840472328855732,-0.5,0.5,-0.5,-0.5,-0.17610265522331905,-0.5,0.5,-0.0981664905624923,-0.5,-0.357524608940978,-0.5,-0.16178201470130982,1.0
-0.5,0.5,0.45785529532252495,-0.5,0.3376554119849346,0.5,-0.5,-0.5,0.5,0.5,0.0802056236540428,0.1335896104576894,-0.2409766233265925,0.5,0.5,-0.5,0.5,-0.5,-0.5,0.14458373099234648,-0.5,0.5,-0.4349557036426508,-0.5,0.5,-0.5,0.3188415953896512,-0.5,-0.041173547234353604,-0.5,0.5,-0.5,-0.5,-0.2636965750377975,-0.5,0.5,-0.09507526339113347,-0.5,-0.35068256070890774,-0.5,-0.16081474937469617,1.0
0.5,-0.5,-0.2732338176974082,0.5,-0.44935414660820666,-0.5,0.5,0.4742939321466017,-0.5,-0.5,0.02465732989460637,-0.2994718062144619,0.13932052217908855,-0.5,-0.5,0.5,-0.5,0.5,-0.10762721406820995,-0.22020450580560874,0.5,-0.5,0.182481340423477,0.5,-0.5,0.2958907641130059,-0.1016206042947891,0.33276535656104667,0.14918059676989334,0.5,-0.5,0.5,0.5,0.1280699242065661,0.5,-0.5,0.05437220920930035,0.5,0.313956755467365,0.5,0.13468075239674207,-1.0
-0.5,0.5,0.45828020646888645,-0.5,0.33816563184248816,0.5,-0.5,-0.5,0.5,0.5,0.08007627759784523,0.13486722874859194,-0.23892554478316602,0.5,0.5,-0.5,0.5,-0.5,-0.5,0.14154757378074279,-0.5,0.5,-0.4267573127207189,-0.5,0.5,-0.44472654691921376,0.31488710236274614,-0.5,-0.050082316022902224,-0.5,0.5,-0.5,-0.5,-0.2639468959266676,-0.5,0.5,-0.09606235776422703,-0.5,-0.3505883263163442,-0.5,-0.1609963490952327,1.0
-0.5,0.5,0.25894874092401543,-0.5,0.39996641350780054,0.5,-0.5,-0.5,0.5,0.5,0.08157480089224099,0.17861359057241374,-0.2584343121596928,0.5,0.5,-0.5,0.5,-0.5,0.5,0.24181148560999755,-0.5,0.5,-0.1717593431579128,-0.5,0.5,-0.5,-0.06108801079840295,0.09482336369519453,-0.4777209880710071,-0.5,0.5,-0.5,-0.5,-0.14488775948715213,-0.5,0.5,-0.09498610872909567,-0.5,-0.35756837817091,-0.5,-0.1581209111601412,1.0
-0.5,0.5,0.2571975346961285,-0.5,0.4072984531644123,0.5,-0.5,-0.5,0.5,0.5,0.07489563232115223,0.1993095604370151,-0.23796838865048553,0.5,0.5,-0.5,0.5,-0.5,-0.5,0.16980986765524772,-0.5,0.5,-0.22754486267901586,-0.5,0.5,0.14922379133852762,-0.020363306082609146,-0.15562067638988988,-0.4657843913253757,-0.5,0.5,-0.5,-0.5,-0.22577671840574767,-0.5,0.5,-0.11331669793780588,-0.5,-0.35737850764329476,-0.5,-0.16096993252610214,1.0
-0.5,0.5,0.45840804223817927,-0.5,0.3379824005680152,0.5,-0.5,-0.5,0.5,0.5,0.08042082145488771,0.13414715060633295,-0.23870824202736815,0.5,0.5,-0.5,0.5,-0.5,-0.5,0.14322673587453694,-0.5,0.5,-0.4227606731788838,-0.5,0.5,-0.5,0.30238760694318434,-0.5,-0.058591206548165756,-0.5,0.5,-0.5,-0.5,-0.2651756082630095,-0.5,0.5,-0.09685519573407333,-0.5,-0.3502155475443896,-0.5,-0.16058761168367386,1.0
-0.5,0.5,0.2590236630137787,-0.5,0.39999700101107255,0.5,-0.5,-0.5,0.5,0.5,0.08159195678043346,0.17864312580402752,-0.2585367532330781,0.5,0.5,-0.5,0.5,-0.5,0.5,0.24171383401205448,-0.5,0.5,-0.17013605473410998,-0.5,0.5,-0.5,-0.06171067660618268,0.09831711663690364,-0.47835963841558077,-0.5,0.5,-0.5,-0.5,-0.1436871021666912,-0.5,0.5,-0.09497943722137724,-0.5,-0.35762985739446784,-0.5,-0.15809567548528775,1.0
-0.5,0.5,0.24853284201088507,-0.5,0.4044996805079401,0.5,-0.5,-0.5,0.5,0.5,0.06943662907666578,0.20101238072317393,-0.23280976313715834,0.5,0.5,-0.5,0.5,-0.5,-0.5,0.16662214463855793,-0.5,0.5,-0.46361690107857556,-0.5,0.5,0.3135673519381494,0.1916025744877926,-0.5,-0.25900465753774465,-0.5,0.5,-0.5,-0.5,-0.3420601602269564,-0.5,0.5,-0.10729308630547364,-0.5,-0.35732867718626726,-0.5,-0.16715466926505088,1.0
-0.5,0.5,0.26872205100845176,-0.5,0.5,0.5,-0.5,-0.5,0.5,0.5,0.13363485976881517,0.2120577516741211,-0.32060937877656864,0.5,0.5,-0.5,0.5,-0.5,-0.24703969115181257,0.24801674762419382,-0.5,0.5,-0.1806041398776301,-0.5,0.5,0.04815381172052406,0.05643400622688221,0.01070445523231333,-0.4394134457786919,-0.5,0.5,-0.5,-0.5,-0.08397200928468361,-0.5,0.5,-0.012940841422544078,-0.5,-0.36730420392220703,-0.5,-0.1213317328973068,-1.0
-0.5,0.5,0.24462929689948407,-0.5,0.4014910492558302,0.5,-0.5,-0.5,0.5,0.5,0.06881082867376702,0.19763888380793618,-0.24236994427962255,0.5,0.5,-0.5,0.5,-0.5,-0.3227185295528877,0.18194160162598824,-0.5,0.5,-0.4576864576781835,-0.5,0.5,0.24295578093619083,0.22766628104511002,-0.5,-0.19693118834485543,-0.5,0.5,-0.5,-0.5,-0.31851605757020235,-0.5,0.5,-0.09868868850014668,-0.5,-0.3586102972596268,-0.5,-0.1676085262133091,1.0
-0.5,0.5,0.2439024143148487,-0.5,0.4132316378049432,0.5,-0.5,-0.5,0.5,0.5,0.07856655837500955,0.19352024192657635,-0.308233987905771,0.5,0.5,-0.5,0.5,-0.5,0.5,0.2246381164714735,-0.5,0.5,-0.187510127837919,-0.5,0.5,0.13227881559443705,-0.03451165411008402,-0.012389700042990623,-0.4849405399353982,-0.5,0.5,-0.5,-0.5,-0.1779219389718302,-0.5,0.5,-0.0980591558977325,-0.5,-0.35709192162873354,-0.5,-0.16098203253758625,1.0
-0.5,0.5,0.27775132769664734,-0.5,0.5,0.5,-0.5,-0.5,0.5,0.5,0.13571293453984193,0.20655413896703095,-0.33272435881823315,0.5,0.5,-0.5,0.5,-0.5,-0.5,0.24744809238540566,-0.5,0.5,-0.09702286457042025,-0.5,0.5,-0.5,0.012610945609976268,0.15519150500703843,-0.4354481767417438,-0.5,0.5,-0.5,-0.5,-0.015591359373981368,-0.5,0.5,-0.014794428003580449,-0.5,-0.370179538693094,-0.5,-0.11776507673499155,-1.0
-0.5,0.5,0.2626054640156207,-0.5,0.42640421618306823,0.5,-0.5,-0.5,0.5,0.5,0.04722110318797649,0.2226455284808195,-0.2193512421154386,0.5,0.5,-0.5,0.5,-0.5,-0.5,0.17603195284642542,-0.5,0.5,-0.31641077545533264,-0.5,0.5,-0.5,-0.011247896366380739,-0.11658242031099961,-0.4340270258664761,-0.5,0.5,-0.5,-0.5,-0.22911122754867352,-0.5,0.5,-0.1091162596336706,-0.5,-0.3582304715192989,-0.5,-0.15998195019309355,1.0
-0.5,0.5,0.4532061383052568,-0.5,0.3657796737027362,0.5,-0.49298447905823783,-0.5,0.5,0.5,0.05606225847881187,0.17628507412424319,-0.19434714941157868,0.5,0.5,-0.5,0.5,-0.5,-0.5,0.12099060285030619,-0.5,0.5,-0.39649624420911955,-0.5,0.5,0.11713254131349941,0.21958348138224174,-0.5,-0.20617144852308156,-0.5,0.5,-0.5,-0.5,-0.2985057250846994,-0.5,0.5,-0.10703579775712525,-0.5,-0.3501496324385112,-0.5,-0.16472641359022303,1.0
-0.5,0.5,0.25608696499322997,-0.5,0.42863362402435556,0.5,-0.5,-0.5,0.5,0.5,0.044363802983140334,0.2318183329321051,-0.2075624682344183,0.5,0.5,-0.5,0.5,-0.5,-0.5,0.13986800488314907,-0.5,0.5,-0.34021724749051185,-0.5,0.5,0.27959110644054685,0.07930888925662158,-0.49563651354629595,-0.35723610587874116,-0.5,0.5,-0.5,-0.5,-0.303509136265494,-0.5,0.5,-0.11443754501319009,-0.5,-0.35754603818101083,-0.5,-0.1655730763870456,1.0
-0.5,0.5,0.378416754158353,-0.5,0.5,0.5,-0.5,-0.5,0.5,0.5,0.1144256895351541,0.19092409145064465,-0.257970190809991,0.5,0.5,-0.5,0.5,-0.5,-0.5,0.23167412975832444,-0.5,0.5,-0.43299688920415164,-0.5,0.5,0.11666641965602723,0.39335034606813873,-0.5,-0.04438327665042526,-0.5,0.5,-0.5,-0.5,-0.19424520766601874,-0.5,0.5,-0.006529537890408763,-0.5,-0.3684547385082512,-0.5,-0.12890652726085203,-1.0
-0.5,0.5,0.26943401862368116,-0.5,0.5,0.5,-0.5,-0.5,0.5,0.5,0.13621412301987879,0.20302915883258993,-0.3278915104849779,0.5,0.5,-0.5,0.5,-0.5,0.5,0.28237101893468575,-0.5,0.5,-0.12676584212934255,-0.5,0.5,-0.021535365729279422,0.05078219105540161,0.06651478367278343,-0.42803475535333513,-0.5,0.5,-0.5,-0.5,-0.04083026173173007,-0.5,0.5,-0.003915371943268131,-0.5,-0.3676781405981594,-0.5,-0.1220055258383102,-1.0
-0.5,0.5,0.2702183609020797,-0.5,0.5,0.5,-0.5,-0.5,0.5,0.5,0.13682195571348882,0.197425245707039,-0.3347671785888857,0.5,0.5,-0.5,0.5,-0.5,0.5,0.3006408915974882,-0.5,0.5,-0.14243946130953627,-0.5,0.5,-0.5,0.0415956931192648,0.1320957956338658,-0.4185668134444163,-0.5,0.5,-0.5,-0.5,-0.027968145972957534,-0.5,0.5,-0.00195888918415484,-0.5,-0.367569177321229,-0.5,-0.11991244017549409,-1.0
-0.5,0.5,0.4657400560438276,-0.5,0.35315372131414485,0.5,-0.496412040202242,-0.5,0.5,0.5,0.08293047414811641,0.14644089604033558,-0.20983849782835332,0.5,0.5,-0.5,0.5,-0.5,-0.5,0.1275914742199717,-0.5,0.5,-0.24444596849711142,-0.5,0.5,-0.1810205121779274,0.01654719799026544,-0.17327163862270553,-0.4291956889553837,-0.5,0.5,-0.5,-0.5,-0.22524569832660674,-0.5,0.5,-0.11843253393855682,-0.5,-0.34520336317532596,-0.5,-0.15576912471254303,1.0
-0.5,0.5,0.2489282916075983,-0.5,0.4064131239583535,0.5,-0.5,-0.5,0.5,0.5,0.07563118926537273,0.19024100828129897,-0.24152749336993046,0.5,0.5,-0.5,0.5,-0.5,0.5,0.22089438413409815,-0.5,0.5,-0.286071182041094,-0.5,0.5,0.19087852669408545,0.00972190152087584,-0.17095765298525145,-0.4499538621972297,-0.5,0.5,-0.5,-0.5,-0.2369192343241944,-0.5,0.5,-0.10036166195296738,-0.5,-0.3553708680255376,-0.5,-0.1640018334779661,1.0
-0.5,0.5,0.25951272808656184,-0.5,0.39966317961350656,0.5,-0.5,-0.5,0.5,0.5,0.0816606494756711,0.1787458966373451,-0.2586895803617779,0.5,0.5,-0.5,0.5,-0.5,0.5,0.240471602467418,-0.5,0.5,-0.1591738364569501,-0.5,0.5,-0.5,-0.062283931304021795,0.08891017447740637,-0.47420735828077437,-0.5,0.5,-0.5,-0.5,-0.14099272086795017,-0.5,0.5,-0.09522670652994522,-0.5,-0.357711947991646,-0.5,-0.15806530836792237,1.0
-0.5,0.5,0.271515832350492,-0.5,0.5,0.5,-0.5,-0.5,0.5,0.5,0.13425449842905063,0.21138267202284033,-0.32294876032566744,0.5,0.5,-0.5,0.5,-0.5,-0.09203005159413857,0.2493564606999558,-0.5,0.5,-0.1291497487692187,-0.5,0.5,0.04499027279156185,0.04349222170254731,0.03189943027075062,-0.4349720978674116,-0.5,0.5,-0.5,-0.5,-0.055469385718712884,-0.5,0.5,-0.011612464883662105,-0.5,-0.36794427814229597,-0.5,-0.12084872734148498,-1.0
-0.5,0.5,0.2725112069031435,-0.5,0.5,0.5,-0.5,-0.5,0.5,0.5,0.13475245796959176,0.21093335524146717,-0.3235275878445992,0.5,0.5,-0.5,0.5,-0.5,-0.08440972314486943,0.24972655829201765,-0.5,0.5,-0.11832242160207214,-0.5,0.5,0.032044812641947126,0.038146397155607706,0.05764112824819226,-0.440761109114292,-0.5,0.5,-0.5,-0.5,-0.04673781362561596,-0.5,0.5,-0.01144983213980869,-0.5,-0.3681826076336798,-0.5,-0.12058142464567125,-1.0
-0.5,0.5,0.4652307853716523,-0.5,0.333990798716746,0.5,-0.5,-0.5,0.5,0.5,0.08331501366993978,0.12784517566973394,-0.23906182423069158,0.5,0.5,-0.5,0.5,-0.49999999987553817,-0.5,0.15452594332472647,-0.5,0.5,-0.4143946748439378,-0.5,0.5,-0.5,0.3628036691572395,-0.5,0.041303618869647556,-0.5,0.5,-0.5,-0.5,-0.22409631546669215,-0.5,0.5,-0.08728162613384181,-0.5,-0.35255201621932303,-0.5,-0.16121794073126278,1.0
-0.5,0.5,0.2567215803574834,-0.5,0.4029774123842936,0.5,-0.5,-0.5,0.5,0.5,0.08467807991315003,0.18100866063239632,-0.2792751047156973,0.5,0.5,-0.5,0.5,-0.5,0.5,0.23749135744152078,-0.5,0.5,-0.07378737313364919,-0.5,0.5,-0.5,-0.07258346744405905,0.24182386430879438,-0.4991747662773986,-0.5,0.5,-0.5,-0.499999999993892,-0.10039785249742332,-0.5,0.5,-0.09489768634336442,-0.5,-0.3596591746694917,-0.5,-0.15699334779538227,1.0
-0.5,0.5,0.462595963257484,-0.5,0.33261193501828784,0.5,-0.5,-0.5,0.5,0.5,0.08064932339100053,0.1283620550692897,-0.251549486379356,0.5,0.5,-0.5,0.5,-0.5,-0.5,0.15116308620943303,-0.5,0.5,-0.4157087149046901,-0.5,0.5,-0.5,0.3906891554561634,-0.5,0.10139515489973143,-0.5,0.5,-0.5,-0.5,-0.21316978721705712,-0.5,0.5,-0.08448738514465835,-0.5,-0.3542973253217315,-0.5,-0.16164907758184963,1.0
-0.5,0.5,0.23345146789500712,-0.5,0.4129104253321342,0.5,-0.5,-0.5,0.5,0.5,0.0659927321149699,0.2038051885301468,-0.23977549876438067,0.5,0.5,-0.5,0.5,-0.5,-0.4668131920018735,0.17516674967264612,-0.5,0.5,-0.49752479042661363,-0.5,0.5,0.356402465868881,0.16918112692153053,-0.5,-0.3054643662320882,-0.5,0.5,-0.5,-0.5,-0.36802467042109216,-0.5,0.5,-0.10990182790527543,-0.5,-0.35605181259738644,-0.5,-0.16686682914972092,1.0
-0.5,0.5,0.2568894569972156,-0.5,0.40297371437122215,0.5,-0.5,-0.5,0.5,0.5,0.08463331038066273,0.18098000036282064,-0.28058527772546815,0.5,0.5,-0.5,0.5,-0.5,0.5,0.2373814157828344,-0.5,0.5,-0.07283907759348418,-0.5,0.5,-0.5,-0.07360273908555269,0.24124181393972383,-0.49903815043022726,-0.5,0.5,-0.5,-0.499999999998873,-0.0992200618917075,-0.5,0.5,-0.09486030053805714,-0.5,-0.35970122492214396,-0.5,-0.15695923275590892,1.0
-0.5,0.5,0.2734956151992617,-0.5,0.5,0.5,-0.5,-0.5,0.5,0.5,0.13911309967527086,0.20377005154743022,-0.32632421854562826,0.5,0.5,-0.5,0.5,-0.5,0.4777084790119516,0.27318711452073213,-0.5,0.5,-0.08159265249117824,-0.5,0.5,0.14723103394383244,0.03167962977453205,0.19340774653251458,-0.47810381768575366,-0.5,0.5,-0.5,-0.5,-0.013127628183092013,-0.5,0.5,-0.00432515736448218,-0.5,-0.36912765619482496,-0.5,-0.1214712959896451,-1.0
-0.5,0.5,0.2569968619238397,-0.5,0.40182568711030925,0.5,-0.5,-0.5,0.5,0.5,0.0832417210329556,0.17912730507165858,-0.26455059029984995,0.5,0.5,-0.5,0.5,-0.5,0.5,0.23990594533076023,-0.5,0.5,-0.10817723920662577,-0.5,0.5,-0.5,-0.05400963004902923,0.24088331343610622,-0.5,-0.5,0.5,-0.5,-0.4999997719009562,-0.12565633917681954,-0.5,0.5,-0.0957753230334853,-0.5,-0.3591975137418217,-0.5,-0.15821582426192932,1.0
-0.5,0.5,0.2804467314019452,-0.5,0.5,0.5,-0.5,-0.5,0.5,0.5,0.13862676781326508,0.2030736615898521,-0.3345317941666511,0.5,0.5,-0.5,0.5,-0.5,-0.10679124401400397,0.2624086768697013,-0.5,0.5,-0.026826121694358822,-0.5,0.5,-0.5,0.0002581880570950027,0.25703702841445664,-0.4562676326506305,-0.5,0.5,-0.5,-0.5,0.021207992134250182,-0.5,0.5,-0.011153818202190708,-0.5,-0.37041224590131777,-0.5,-0.11723935258869238,-1.0
-0.5,0.5,0.46490003064999086,-0.5,0.33449783173385383,0.5,-0.5,-0.5,0.5,0.5,0.08323267646331618,0.1280606403291483,-0.23733478117029824,0.5,0.5,-0.5,0.5,-0.4999999983294833,-0.5,0.15485945000264184,-0.5,0.5,-0.42339168731458504,-0.5,0.5,-0.5,0.36849189983936076,-0.5,0.04369121858534964,-0.5,0.5,-0.5,-0.5,-0.22710953887466,-0.5,0.5,-0.08746395012620942,-0.5,-0.35241109864055437,-0.5,-0.1611731488090626,1.0
-0.5,0.5,0.2553630503560647,-0.5,0.40608689372897355,0.5,-0.5,-0.5,0.5,0.5,0.0788284591319748,0.19023767686766482,-0.2745248814083949,0.5,0.5,-0.5,0.5,-0.5,-0.1619197908772898,0.20984210081229382,-0.5,0.5,-0.1536232004172686,-0.5,0.5,-0.5,-0.06832624866009493,0.10583946747950243,-0.4847197062126128,-0.5,0.5,-0.5,-0.5,-0.14470158376638337,-0.5,0.5,-0.10318711932311955,-0.5,-0.3586568374599153,-0.5,-0.15609201725217325,1.0
-0.5,0.5,0.3901748104397057,-0.5,0.3776517160685773,0.5,-0.5,-0.5,0.5,0.5,0.08421051048970436,0.17001676950897973,-0.2514546203789294,0.5,0.5,-0.5,0.5,-0.5,-0.5,0.1410948295208213,-0.5,0.5,0.011157081406969246,-0.5,0.5,-0.3402402930661766,-0.09429408978073751,0.20616884887487127,-0.49717157839522474,-0.5,0.5,-0.5,-0.5,-0.07098099254978353,-0.5,0.5,-0.10914997114285085,-0.5,-0.3583680795638747,-0.5,-0.152132224068285,1.0
-0.5,0.5,0.4711602372449884,-0.5,0.34244857328035,0.5,-0.5,-0.49999999999999994,0.5,0.5,0.09340305404960354,0.1315772161468389,-0.24232435887106885,0.5,0.5,-0.5,0.5,-0.5,-0.5,0.1617686290871249,-0.5,0.5,0.008221087495365336,-0.5,0.5,-0.5,0.025473042860485986,-0.012110907832708389,-0.30508255764998865,-0.5,0.5,-0.5,-0.5,-0.06661022623748902,-0.5,0.5,-0.10176066263839029,-0.5,-0.3550710818614835,-0.5,-0.1557964462341853,1.0
-0.5,0.5,0.48035464142558276,-0.5,0.3436319806835257,0.5,-0.5,-0.5,0.5,0.5,0.10050382189156662,0.12983730255413606,-0.23187820923192295,0.5,0.5,-0.5,0.5,-0.5,-0.5,0.15520683367048244,-0.5,0.5,0.008645343366961213,-0.5,0.5,-0.5,-0.08721713476624601,0.23945995347901788,-0.4999991743501762,-0.5,0.5,-0.5,-0.4999999999999961,-0.07401900331549761,-0.5,0.5,-0.1113810892180239,-0.5,-0.3518393204176408,-0.5,-0.15274057480921022,1.0
-0.5,0.5,0.44415257027961286,-0.5,0.5,0.5,-0.5,-0.47329544688773184,0.5,0.5,0.11415375748647141,0.17650315861021976,-0.2452608283993261,0.5,0.5,-0.5,0.5,-0.5,-0.5,0.26204000811681516,-0.5,0.5,-0.3366714305006177,-0.5,0.5,-0.5,0.41797566836166566,-0.5,0.11162010554590053,-0.5,0.5,-0.5,-0.5,-0.10447860159500648,-0.5,0.5,0.0026983085156039293,-0.5,-0.3684220549639395,-0.5,-0.1294204390842225,-1.0
-0.5,0.5,0.4714421273033167,-0.5,0.35166205568046044,0.5,-0.4903623808487005,-0.5,0.5,0.5,0.08602037695687925,0.14757740809977038,-0.21742795424925512,0.5,0.5,-0.5,0.5,-0.5,-0.5,0.11802434636910905,-0.5,0.5,-0.0830172608667098,-0.5,0.5,0.05504333938412013,-0.04588393383840308,0.020448905387939083,-0.48617797613950836,-0.5,0.5,-0.5,-0.5,-0.13927543781747947,-0.5,0.5,-0.11540688524275243,-0.5,-0.34915355193443726,-0.5,-0.15441696361867754,1.0
-0.5,0.5,0.2708823711458688,-0.5,0.4211528457863578,0.5,-0.5,-0.5,0.5,0.5,0.05433883511370539,0.21307494087567827,-0.2335536684160799,0.5,0.5,-0.5,0.5,-0.5,0.10661280350195151,0.1983567069984081,-0.5,0.5,-0.09451224521195069,-0.5,0.5,-0.5,-0.08354781850525014,0.19789712578358606,-0.4951970333880152,-0.5,0.5,-0.5,-0.5,-0.10139836547733087,-0.5,0.5,-0.09888435455858108,-0.5,-0.36160079784100563,-0.5,-0.15794410545295068,1.0
-0.5,0.5,0.26399676787187126,-0.5,0.40256633465799346,0.5,-0.5,-0.5,0.5,0.5,0.08181617465543525,0.18889376435097321,-0.2645342883294661,0.5,0.5,-0.5,0.5,-0.5,-0.5,0.18641248189535542,-0.5,0.5,-0.06455497351451932,-0.5,0.5,-0.5,-0.08651931368046653,0.21737291158630828,-0.4994353869491876,-0.5,0.5,-0.5,-0.49999999999999917,-0.10332498970815923,-0.5,0.5,-0.10746271342888898,-0.5,-0.3619322228707135,-0.5,-0.155259980373229,1.0
-0.5,0.5,0.27586382036590795,-0.5,0.5,0.5,-0.5,-0.5,0.5,0.5,0.14103894369307632,0.195094081009601,-0.33716320410618794,0.5,0.5,-0.4999999999999995,0.5,-0.5,0.5,0.29457031223596847,-0.5,0.5,-0.05030823856956629,-0.5,0.5,-0.5,0.016990088747252576,0.2748713189763142,-0.4603402686205104,-0.5,0.5,-0.5,-0.5,0.014119274182722834,-0.5,0.5,-0.0046105355190899314,-0.5,-0.3691658590820539,-0.5,-0.11861258259948754,-1.0
-0.5,0.5,0.25673036110101966,-0.5,0.40298896917669047,0.5,-0.5,-0.5,0.5,0.5,0.08466583151525005,0.18100540340621663,-0.2794158145546837,0.5,0.5,-0.5,0.5,-0.5,0.5,0.23749174441052184,-0.5,0.5,-0.0739617151136127,-0.5,0.5,-0.5,-0.07270156565309872,0.2413976658129615,-0.4991341345921912,-0.5,0.5,-0.5,-0.4999999999956917,-0.10032712183910367,-0.5,0.5,-0.09489509038670925,-0.5,-0.359659707307588,-0.5,-0.15698888827777963,1.0
-0.5,0.5,0.2769576324094498,-0.5,0.5,0.5,-0.5,-0.5,0.5,0.5,0.13956802219923692,0.1980231776028525,-0.3351285945225969,0.5,0.5,-0.5,0.5,-0.5,0.36567072762910635,0.2887518675966046,-0.5,0.5,-0.05353025452660135,-0.5,0.5,-0.5,0.0103551603929597,0.25341627715753196,-0.4552328628706449,-0.5,0.5,-0.5,-0.5,0.014419390933060399,-0.5,0.5,-0.0049831292384919625,-0.5,-0.3692328021262569,-0.5,-0.11839552043238584,-1.0
-0.5,0.5,0.39625207859923955,-0.5,0.5,0.5,-0.5,-0.5,0.5,0.5,0.1255466403531574,0.18899398822046,-0.23890550790189047,0.5,0.5,-0.5,0.5,-0.5,-0.5,0.2343343310806016,-0.5,0.5,-0.2371519131597158,-0.5,0.5,-0.4643636147427775,0.10699093159205822,-0.24191700610643024,-0.3526014969555111,-0.5,0.5,-0.5,-0.5,-0.14807202193374466,-0.5,0.5,-0.027732365409804977,-0.5,-0.36151285029625246,-0.5,-0.12080319019569628,-1.0
-0.5,0.5,0.4654661788333624,-0.5,0.3339116895667443,0.5,-0.5,-0.5,0.5,0.5,0.08304480961614195,0.12779758630677654,-0.23826055578732136,0.5,0.5,-0.5,0.5,-0.4999999977393292,-0.5,0.15469110561616037,-0.5,0.5,-0.41707044951214794,-0.5,0.5,-0.5,0.3720282277324979,-0.5,0.05650727858341626,-0.5,0.5,-0.5,-0.5,-0.22104600441950542,-0.5,0.5,-0.08656326185988372,-0.5,-0.35276170801356593,-0.5,-0.16118114930523672,1.0
-0.5,0.5,0.46541155025620823,-0.5,0.3350145191438585,0.5,-0.5,-0.5,0.5,0.5,0.08376632482302773,0.12807914628862235,-0.23266434346514994,0.5,0.5,-0.5,0.5,-0.49999985671079056,-0.5,0.15569739322446252,-0.5,0.5,-0.4274470793256514,-0.5,0.5,-0.5,0.3676492359964015,-0.5,0.0370400813712714,-0.5,0.5,-0.5,-0.5,-0.23107746441649352,-0.5,0.5,-0.08828434970467479,-0.5,-0.35194987838398367,-0.5,-0.1611101766458964,1.0
-0.5,0.5,0.5,-0.5,0.47288324641051965,0.5,0.317399617249437,0.04107852758373144,0.5,0.5,-0.30218147080291785,0.09024720261229315,-0.18311792417990158,0.5,0.5,-0.5,0.5,-0.32911886724945744,-0.5,0.21979562366256924,-0.5,0.5,-0.5,-0.5,0.5,-0.42138982001107816,0.45676517423694185,-0.5,0.21601466214517823,-0.5,0.5,-0.5,-0.5,-0.14756923852752332,-0.5,0.5,-0.10019309869367518,-0.5,-0.3112224929518865,-0.5,-0.10731604921738329,1.0
-0.5,0.5,0.4546458350197115,-0.5,0.34104429740662195,0.5,-0.4954801975148619,-0.5,0.5,0.5,0.07614262438645547,0.14233141277834727,-0.24097250586202149,0.5,0.5,-0.5,0.5,-0.5,-0.5,0.12619239324161663,-0.5,0.5,-0.43811706952480783,-0.5,0.5,0.2792976899406682,0.3863001130284161,-0.5,0.013857390142859673,-0.5,0.5,-0.5,-0.5,-0.24362571032459965,-0.5,0.5,-0.08819144254744112,-0.5,-0.3545703966388773,-0.5,-0.1651687255713865,1.0
-0.5,0.5,0.2567784091437629,-0.5,0.4029864375344093,0.5,-0.5,-0.5,0.5,0.5,0.08466046758727859,0.1810061404237186,-0.2801332868257062,0.5,0.5,-0.5,0.5,-0.5,0.5,0.23745822106628847,-0.5,0.5,-0.07293571780599518,-0.5,0.5,-0.5,-0.07256554891114657,0.24268515627418533,-0.4992371861924973,-0.5,0.5,-0.5,-0.4999999999908346,-0.10028205640055754,-0.5,0.5,-0.0949126254724239,-0.5,-0.35967319077133303,-0.5,-0.1570032884195959,1.0
-0.5,0.5,0.27261730111362786,-0.5,0.42223811425803454,0.5,-0.5,-0.5,0.5,0.5,0.05500240932043817,0.21980197720648997,-0.2284583148794816,0.5,0.5,-0.5,0.5,-0.5,-0.5,0.1623776812801017,-0.5,0.5,-0.0689711013784915,-0.5,0.5,-0.3830468163928387,-0.0690533766482369,0.20644424974309042,-0.5,-0.5,0.5,-0.5,-0.4999999987139158,-0.11511102368963606,-0.5,0.5,-0.10811643349420737,-0.5,-0.3631109982400651,-0.5,-0.1580222125944149,1.0
-0.5,0.5,0.2536467941416133,-0.5,0.40484172909837235,0.5,-0.5,-0.5,0.5,0.5,0.07916099139321404,0.18429856796534863,-0.25643524436620563,0.5,0.5,-0.5,0.5,-0.5,0.5,0.23310023876569294,-0.5,0.5,-0.20102502587291787,-0.5,0.5,-0.19331252637575447,-0.03907165467183027,0.12549697043359598,-0.49734857448993347,-0.5,0.5,-0.5,-0.5,-0.15794014401891243,-0.5,0.5,-0.09574405774883273,-0.5,-0.3580391479000355,-0.5,-0.15986805106794694,1.0
-0.5,0.5,0.28048175010128906,-0.5,0.5,0.5,-0.5,-0.5,0.5,0.5,0.13847924445183674,0.20420681966552273,-0.33403051544332457,0.5,0.5,-0.5,0.5,-0.5,-0.28087793863834876,0.2541471101954961,-0.5,0.5,-0.028851343649285193,-0.5,0.5,-0.4818393177878301,0.0036481455771802183,0.2449616152027621,-0.4568796947750716,-0.5,0.5,-0.5,-0.5,0.014709336696438749,-0.5,0.5,-0.013572187830969007,-0.5,-0.3707599830103963,-0.5,-0.11740287877921542,-1.0
-0.5,0.5,0.43472391926019127,-0.5,0.5,0.5,-0.5,-0.48023856838037887,0.5,0.5,0.11418999283425751,0.17706287270897636,-0.24413490666519122,0.5,0.5,-0.5,0.5,-0.5,-0.5,0.26496173372347576,-0.5,0.5,-0.41445897677683463,-0.5,0.5,-0.5,0.4331444552988616,-0.5,0.09822723463178272,-0.5,0.5,-0.5,-0.5,-0.13698312054650383,-0.5,0.5,0.0020228536584661304,-0.5,-0.36753366517431024,-0.5,-0.129092630959505,-1.0
-0.5,0.5,0.375746151304546,-0.5,0.5,0.5,-0.5,-0.5,0.5,0.5,0.1115543484808195,0.19201299261399446,-0.26790918168467687,0.5,0.5,-0.5,0.5,-0.5,-0.5,0.22976288695976504,-0.5,0.5,-0.43419864956711024,-0.5,0.5,0.21310763589591947,0.4395275304714646,-0.5,0.03256889347669641,-0.5,0.5,-0.5,-0.5,-0.1649785018058571,-0.5,0.5,0.002093492938651257,-0.5,-0.3719744398831421,-0.5,-0.1299458386658846,-1.0
-0.5,0.5,0.2631987557553973,-0.5,0.40305254395212964,0.5,-0.5,-0.5,0.5,0.5,0.08205913956795192,0.18947356540101967,-0.26632520567825385,0.5,0.5,-0.5,0.5,-0.5,-0.5,0.18624210867718197,-0.5,0.5,-0.06251156318181314,-0.5,0.5,-0.5,-0.08692028581690733,0.21713359434816357,-0.49941108358124986,-0.5,0.5,-0.5,-0.49999999999999856,-0.10273293763375403,-0.5,0.5,-0.10745151640613196,-0.5,-0.3618854744218522,-0.5,-0.15511694602512774,1.0
-0.5,0.5,0.2565399094099029,-0.5,0.4031267080496107,0.5,-0.5,-0.5,0.5,0.5,0.08441901379260137,0.18105017792165953,-0.2784983939558272,0.5,0.5,-0.5,0.5,-0.5,0.5,0.23773377339114624,-0.5,0.5,-0.0825584933309179,-0.5,0.5,-0.5,-0.07402482305912192,0.23054610818779672,-0.49802663621680293,-0.5,0.5,-0.5,-0.4999999999999993,-0.10088575132751189,-0.5,0.5,-0.09478781974684898,-0.5,-0.3595564221647571,-0.5,-0.156898380615404,1.0
-0.5,0.5,0.43795868043294917,-0.5,0.5,0.5,-0.5,-0.4769347460475296,0.5,0.5,0.11420429310220485,0.18049164366171025,-0.23655737663158138,0.5,0.5,-0.5,0.5,-0.5,-0.5,0.2546477628154972,-0.5,0.5,-0.4129578044173862,-0.5,0.5,-0.18277185627668863,0.43400191659640186,-0.5,0.0787251008261289,-0.5,0.5,-0.5,-0.5,-0.14173999475107804,-0.5,0.5,0.0004978803487741907,-0.5,-0.36715233684239934,-0.5,-0.1303480648194307,-1.0
-0.5,0.5,0.2758884708132075,-0.5,0.5,0.5,-0.5,-0.5,0.5,0.5,0.14110414054235948,0.19504710693008892,-0.3371832248515795,0.5,0.5,-0.4999999999999991,0.5,-0.5,0.5,0.29452260159708965,-0.5,0.5,-0.049404431497705945,-0.5,0.5,-0.5,0.01698260132327214,0.27599342590748,-0.46068243023530836,-0.5,0.5,-0.5,-0.5,0.014304592838823918,-0.5,0.5,-0.004663495245051623,-0.5,-0.36917424149013905,-0.5,-0.11860676637395534,-1.0
-0.5,0.5,0.2576788860645547,-0.5,0.40937062116846923,0.5,-0.5,-0.5,0.5,0.5,0.08317109145142632,0.19333155703818847,-0.3194121700291307,0.5,0.5,-0.5,0.5,-0.5,-0.5,0.19135827783474738,-0.5,0.5,-0.05330084443379031,-0.5,0.5,-0.5,-0.09267642083470488,0.22239158716000915,-0.49980996361147706,-0.5,0.5,-0.5,-0.4999999999999996,-0.09676631495380819,-0.5,0.5,-0.10709302255860378,-0.5,-0.3615164542727141,-0.5,-0.15437176339034556,1.0
-0.5,0.5,0.2566073194297612,-0.5,0.403068844665434,0.5,-0.5,-0.5,0.5,0.5,0.08456514389082044,0.18102135018650067,-0.2785740367856857,0.5,0.5,-0.5,0.5,-0.5,0.5,0.2376266640722304,-0.5,0.5,-0.07857956557734566,-0.5,0.5,-0.5,-0.07335190695723025,0.23565044633026894,-0.49859837431060855,-0.5,0.5,-0.5,-0.49999999999993683,-0.10061556056984931,-0.5,0.5,-0.09484039425965955,-0.5,-0.3596010110345696,-0.5,-0.15693835298920614,1.0
-0.5,0.5,0.439192212021541,-0.5,0.5,0.5,-0.5,-0.48038974616148455,0.5,0.5,0.11769184297795583,0.17695863853495403,-0.24576412622069832,0.5,0.5,-0.5,0.5,-0.5,-0.5,0.26287697246507524,-0.5,0.5,-0.34542881392691704,-0.5,0.5,-0.5,0.33896262053982557,-0.40608372846090535,-0.014435305191471319,-0.5,0.5,-0.5,-0.5,-0.10217288135032115,-0.5,0.5,0.0002275036804888712,-0.5,-0.36700969785539517,-0.5,-0.12736852015707342,-1.0
-0.5,0.5,0.4792482282793993,-0.5,0.33137308608443333,0.5,-0.5,-0.5,0.5,0.5,0.08930031309585798,0.1284718525023604,-0.23877158429429166,0.5,0.5,-0.5,0.5,-0.5,-0.5,0.14278991897461663,-0.5,0.5,-0.16187637684896883,-0.5,0.5,-0.5,0.16637921310627138,-0.26859558222377844,-0.14796790513330757,-0.5,0.5,-0.5,-0.5,-0.1275814868035386,-0.5,0.5,-0.09350115989894948,-0.5,-0.35321596962537155,-0.5,-0.15809104670735766,1.0
-0.5,0.5,0.28187672613265485,-0.5,0.5,0.5,-0.5,-0.5,0.5,0.5,0.13837724996450654,0.20366175034349795,-0.3351919377284604,0.5,0.5,-0.5,0.5,-0.5,-0.2952789214816884,0.255823779048571,-0.5,0.5,-0.02143135262494546,-0.5,0.5,-0.5,-0.0075753707911061525,0.2488970047784801,-0.455014013380582,-0.5,0.5,-0.5,-0.5,0.024714897368649038,-0.5,0.5,-0.011843766297954595,-0.5,-0.37115318315004414,-0.5,-0.11726441983467503,-1.0
-0.5,0.5,0.48048437907652425,-0.5,0.3266603836120594,0.5,-0.5,-0.5,0.5,0.5,0.08946734964658565,0.12550007727679396,-0.2511207099801295,0.5,0.5,-0.5,0.5,-0.5,-0.5,0.13794778958214704,-0.5,0.5,-0.10865058887133254,-0.5,0.5,-0.5,0.20293396012892218,-0.29516904505356606,-0.07704819525241857,-0.5,0.5,-0.5,-0.5,-0.09315242831266421,-0.5,0.5,-0.08819115313382385,-0.5,-0.3558755690857161,-0.5,-0.15781349789748012,1.0
-0.5,0.5,0.2759068263366542,-0.5,0.5,0.5,-0.5,-0.5,0.5,0.5,0.1411528791068964,0.19501043538455684,-0.33720656129265786,0.5,0.5,-0.4999999999999988,0.5,-0.5,0.5,0.2944841273343566,-0.5,0.5,-0.04868262938855625,-0.5,0.5,-0.5,0.01700693400322148,0.2768517901172651,-0.4609111591442219,-0.5,0.5,-0.5,-0.5,0.014458336534581999,-0.5,0.5,-0.004703957543329122,-0.5,-0.36918179089833825,-0.5,-0.11860335940552018,-1.0
-0.5,0.5,0.2600733307611282,-0.5,0.40843234093226116,0.5,-0.5,-0.5,0.5,0.5,0.07950045872299263,0.19927564232754566,-0.27927875691622794,0.5,0.5,-0.5,0.5,-0.5,-0.5,0.16538608820752745,-0.5,0.5,-0.07234821818422942,-0.5,0.5,0.1301859392417089,-0.05927290542477432,0.13925005316949257,-0.5,-0.5,0.5,-0.5,-0.5,-0.12106025234158405,-0.5,0.5,-0.10880058204154985,-0.5,-0.3621857227455174,-0.5,-0.15796057022404897,1.0
-0.5,0.5,0.47268115722840426,-0.5,0.33419426107890216,0.5,-0.5,-0.5,0.5,0.5,0.08626836570697716,0.1295741059030217,-0.22861719302698624,0.5,0.5,-0.5,0.5,-0.5,-0.5,0.14718001324823668,-0.5,0.5,-0.2643199730533963,-0.5,0.5,-0.5,0.2105993386472784,-0.5,-0.11322513163130526,-0.5,0.5,-0.5,-0.5,-0.22015087237733233,-0.5,0.5,-0.09929851846426109,-0.5,-0.3498245796860383,-0.5,-0.16056353461939324,1.0
-0.5,0.5,0.28097524029904103,-0.5,0.5,0.5,-0.5,-0.5,0.5,0.5,0.13895294461424176,0.20292651814884308,-0.33451458149264063,0.5,0.5,-0.5,0.5,-0.5,-0.10828520703481763,0.26200777533238945,-0.5,0.5,-0.017796385640996934,-0.5,0.5,-0.5,-0.002271365582646009,0.2667971498107769,-0.459606994817689,-0.5,0.5,-0.5,-0.5,0.02449290224685252,-0.5,0.5,-0.01134760452133687,-0.5,-0.370553202216045,-0.5,-0.1171917864877287,-1.0
-0.5,0.5,0.46484208182113845,-0.5,0.336160473547836,0.5,-0.5,-0.5,0.5,0.5,0.08239013830077516,0.13160720174551624,-0.2325318007832248,0.5,0.5,-0.5,0.5,-0.4999999966136937,-0.5,0.1459449047041328,-0.5,0.5,-0.4206257599514647,-0.5,0.5,-0.2570147262702231,0.37003509289904624,-0.5,0.026466057165417375,-0.5,0.5,-0.5,-0.5,-0.23119991923045802,-0.5,0.5,-0.08898094919395924,-0.5,-0.352426114339525,-0.5,-0.16218797423194273,1.0
-0.5,0.5,0.4551661816549156,-0.5,0.361696711843747,0.5,-0.49074938637016696,-0.5,0.5,0.5,0.05771751655430666,0.17156996591894225,-0.19806255418809346,0.5,0.5,-0.5,0.5,-0.49999834724860337,-0.5,0.13028565680707688,-0.5,0.5,-0.45418183210246593,-0.5,0.5,0.2740606592436671,0.3714610897096057,-0.5,-0.025174272436546772,-0.5,0.5,-0.5,-0.5,-0.2554008790046919,-0.5,0.5,-0.09064670955036502,-0.5,-0.35469261277949427,-0.5,-0.16624611025111993,1.0
-0.5,0.5,0.27303609533242235,-0.5,0.4046755701789318,0.5,-0.5,-0.5,0.5,0.5,0.0754693898604055,0.19077031043888584,-0.2529269964258345,0.5,0.5,-0.5,0.5,-0.5,-0.3441888072214434,0.17725008924691057,-0.5,0.5,-0.05533475972632917,-0.5,0.5,-0.5,-0.08802183005520142,0.21594215542451578,-0.4986926527093084,-0.5,0.5,-0.5,-0.5,-0.09669831818900573,-0.5,0.5,-0.10642935792286119,-0.5,-0.36057754576430234,-0.5,-0.1550083455549777,1.0
-0.5,0.5,0.25581501789824657,-0.5,0.4104149292084548,0.5,-0.5,-0.5,0.5,0.5,0.08243084150767747,0.1939689926319506,-0.3175577351005173,0.5,0.5,-0.5,0.5,-0.5,-0.5,0.19279274678124647,-0.5,0.5,-0.08528921030808566,-0.5,0.5,-0.5,-0.08159922386382686,0.21644906404638045,-0.4999400227883064,-0.5,0.5,-0.5,-0.49999999999999983,-0.11124602252487881,-0.5,0.5,-0.10775188091842182,-0.5,-0.36094588497659735,-0.5,-0.15458869591251145,1.0
-0.5,0.5,0.4547710545657685,-0.5,0.3616155928100653,0.5,-0.49130177644713513,-0.5,0.5,0.5,0.057136085181365606,0.17124486087516005,-0.20206008718441618,0.5,0.5,-0.5,0.5,-0.49999997341479424,-0.5,0.13073813060641096,-0.5,0.5,-0.4535090400190241,-0.5,0.5,0.2672012467526571,0.37395832383856126,-0.5,-0.018591010845773644,-0.5,0.5,-0.5,-0.5,-0.2531913876220398,-0.5,0.5,-0.08982066051645209,-0.5,-0.3551068571349533,-0.5,-0.16643003167056436,1.0
-0.5,0.5,0.44441686891608406,-0.5,0.5,0.5,-0.5,-0.4682940563714754,0.5,0.5,0.11582966800100956,0.17680093534683378,-0.23472458186792097,0.5,0.5,-0.5,0.5,-0.5,-0.5,0.2663110662363296,-0.5,0.5,-0.4084286194117126,-0.5,0.5,-0.5,0.40687292989294416,-0.5,0.04844998616358214,-0.5,0.5,-0.5,-0.5,-0.1465675094919519,-0.5,0.5,-0.0007822026620645592,-0.5,-0.365468066439287,-0.5,-0.12914525240952973,-1.0
-0.5,0.5,0.47631057321933584,-0.5,0.3356037122162916,0.5,-0.49999999968366404,-0.499999999999995,0.5,0.5,0.08610778522733209,0.12944399681461705,-0.21648064945105247,0.5,0.5,-0.5,0.5,-0.4999999990990976,-0.5,0.15779933238689312,-0.5,0.5,-0.3205078246587978,-0.5,0.5,-0.5,0.266799874748379,-0.5,-0.05969959063206993,-0.5,0.5,-0.5,-0.5,-0.22590064584215216,-0.5,0.5,-0.09733161746123538,-0.5,-0.34997585006171933,-0.5,-0.1614720372638829,1.0
-0.5,0.5,0.47511549599442937,-0.5,0.33512518340316855,0.5,-0.4999999356218304,-0.5,0.5,0.5,0.085874117866263,0.13125205627616526,-0.21572999020770192,0.5,0.5,-0.5,0.5,-0.49999728307972885,-0.5,0.14916716982786846,-0.5,0.5,-0.31068991543974084,-0.5,0.5,-0.33195630478867416,0.30955667940570136,-0.5,-0.017815251085684904,-0.5,0.5,-0.5,-0.5,-0.20913967916726464,-0.5,0.5,-0.09443059192766975,-0.5,-0.35124797023936394,-0.5,-0.16183115186108418,1.0
-0.5,0.5,0.4167335583353296,-0.5,0.5,0.5,-0.5,-0.4984910773847704,0.5,0.5,0.11429269097401391,0.18500905662326186,-0.24401325219794698,0.5,0.5,-0.5,0.5,-0.5,-0.5,0.23980236160597615,-0.5,0.5,-0.435237464778202,-0.5,0.5,0.21681765185636123,0.4483789704597384,-0.5,0.06534662658067636,-0.5,0.5,-0.5,-0.5,-0.1566946077732279,-0.5,0.5,0.0016816134561376112,-0.5,-0.3693383841039421,-0.5,-0.13146691491952775,-1.0
-0.5,0.5,0.2762516012314111,-0.5,0.5,0.5,-0.5,-0.5,0.5,0.5,0.14272971721865607,0.19398930055138977,-0.3376635218521536,0.5,0.5,-0.49999997813370795,0.5,-0.5,0.5,0.29374251893261333,-0.5,0.5,-0.030731080063756393,-0.5,0.5,-0.5,0.017645537072164257,0.29798734065906723,-0.4673078627911575,-0.5,0.5,-0.5,-0.5,0.01701605124845855,-0.5,0.5,-0.005830406638021001,-0.5,-0.3693122136105372,-0.5,-0.11853379713068449,-1.0
-0.5,0.5,0.46701832174724617,-0.5,0.33519305164364227,0.5,-0.5,-0.5,0.5,0.5,0.08465879205934171,0.12836538745185286,-0.22786213669077365,0.5,0.5,-0.5,0.5,-0.4999997908156785,-0.5,0.15476944293005,-0.5,0.5,-0.4130439460203658,-0.5,0.5,-0.5,0.33244804101686165,-0.5,0.0003656712668784509,-0.5,0.5,-0.5,-0.5,-0.2339028640073771,-0.5,0.5,-0.09049441251926665,-0.5,-0.35100804576692657,-0.5,-0.16072085965723396,1.0
-0.5,0.5,0.47726477146381735,-0.5,0.34319018658396294,0.5,-0.5,-0.5,0.5,0.5,0.0987030908504423,0.13010777091225673,-0.23087066013486426,0.5,0.5,-0.5,0.5,-0.5,-0.5,0.15982331191910704,-0.5,0.5,-0.007715226951324142,-0.5,0.5,-0.5,-0.03170771212146163,0.1572349913390801,-0.441810658144592,-0.5,0.5,-0.5,-0.4999999998681573,-0.09446538129343163,-0.5,0.5,-0.11007934743052314,-0.5,-0.35190586958028286,-0.5,-0.1544714404947582,1.0
-0.5,0.5,0.27691523543554014,-0.5,0.42158776606655185,0.5,-0.5,-0.5,0.5,0.5,0.056006550303716277,0.22286471213693024,-0.22871195461845184,0.5,0.5,-0.5,0.5,-0.5,-0.5,0.1437508653090456,-0.5,0.5,0.009254373719983906,-0.5,0.5,-0.0005736477289385949,-0.08554232088106531,0.18534222459331984,-0.5,-0.5,0.5,-0.5,-0.4999999999988372,-0.08097781563920803,-0.5,0.5,-0.10762167441493542,-0.5,-0.36503426349826146,-0.5,-0.15870903195956323,1.0
-0.5,0.5,0.2473350823686541,-0.5,0.40949031701653715,0.5,-0.5,-0.5,0.5,0.5,0.076996256362191,0.19302561904389484,-0.2702329653111042,0.5,0.5,-0.5,0.5,-0.5,0.5,0.215586454956211,-0.5,0.5,-0.21722266031395332,-0.5,0.5,0.2680525983865795,-0.014472861553437027,-0.06625004892772422,-0.480015449547076,-0.5,0.5,-0.5,-0.5,-0.20175896064666712,-0.5,0.5,-0.09962371525321417,-0.5,-0.3570057914232058,-0.5,-0.16259238397007142,1.0
-0.5,0.5,0.25347966464308275,-0.5,0.4138350161032185,0.5,-0.5,-0.5,0.5,0.5,0.0801395813498265,0.1999860143553634,-0.3098206425154676,0.5,0.5,-0.5,0.5,-0.5,-0.20420913121633028,0.18522462236630036,-0.5,0.5,-0.06915943539813034,-0.5,0.5,0.21434660128210453,-0.05639879836887845,0.13199115796308583,-0.5,-0.5,0.5,-0.5,-0.5,-0.1200121664438638,-0.5,0.5,-0.10400089808355359,-0.5,-0.36112265382937503,-0.5,-0.1587014805716381,1.0
-0.5,0.5,0.27724569948948585,-0.5,0.5,0.5,-0.5,-0.5,0.5,0.5,0.14068612695677593,0.19577228280828338,-0.3361497522358391,0.5,0.5,-0.5,0.5,-0.5,0.5,0.2948844638011065,-0.5,0.5,-0.03778065570139234,-0.5,0.5,-0.5,0.009092056823700498,0.2750145337152745,-0.46020025795732844,-0.5,0.5,-0.5,-0.5,0.02146277463862577,-0.5,0.5,-0.003668188622637105,-0.5,-0.36949761349771176,-0.5,-0.11868200601135152,-1.0
-0.5,0.5,0.28014622606988937,-0.5,0.5,0.5,-0.5,-0.5,0.5,0.5,0.13932412838028968,0.2031901906956297,-0.33457347777671037,0.5,0.5,-0.5,0.5,-0.5,-0.3162027805166442,0.254658052935687,-0.5,0.5,-0.03339423852056195,-0.5,0.5,-0.5,0.004553507599695715,0.2763962700507812,-0.4677591580869356,-0.5,0.5,-0.5,-0.5,0.012168924664019915,-0.5,0.5,-0.01436695133333362,-0.5,-0.3707271437745247,-0.5,-0.11722064509936272,-1.0
-0.5,0.5,0.27737562355102874,-0.5,0.5,0.5,-0.5,-0.5,0.5,0.5,0.1395256647676419,0.20516450536293418,-0.3273360897650126,0.5,0.5,-0.5,0.5,-0.5,0.28360813569635107,0.2632898605995736,-0.5,0.5,-0.023615214809482688,-0.5,0.5,0.06472198535832085,0.017006854687013837,0.22127614682540903,-0.47879639031346694,-0.5,0.5,-0.5,-0.5,0.008280713773106785,-0.5,0.5,-0.00722539095449677,-0.5,-0.3699574115169595,-0.5,-0.1203147395648973,-1.0
-0.5,0.5,0.4227668737330193,-0.5,0.5,0.5,-0.5,-0.5,0.5,0.5,0.1360683883841831,0.18038046221163823,-0.24749212336859566,0.5,0.5,-0.5,0.5,-0.5,-0.5,0.22977604718134154,-0.5,0.5,-0.0034971989936033654,-0.5,0.5,-0.5,0.00024744381403525427,0.2857312811018443,-0.47905616315690597,-0.5,0.5,-0.5,-0.5,0.019155192401075487,-0.5,0.5,-0.02634718446365373,-0.5,-0.3674456815225992,-0.5,-0.11655976993908684,-1.0
-0.5,0.5,0.45393870171575074,-0.5,0.3608135857428937,0.5,-0.49150141052598173,-0.5,0.5,0.5,0.05599969480995612,0.17513726334309887,-0.21099227901467751,0.5,0.5,-0.5,0.5,-0.5,-0.5,0.11468666599156531,-0.5,0.5,-0.34070807846747,-0.5,0.5,0.3241109860558246,0.29563412520775434,-0.5,-0.09148729691568672,-0.5,0.5,-0.5,-0.5,-0.23909904227271303,-0.5,0.5,-0.09553397126152358,-0.5,-0.35545574032960264,-0.5,-0.16637272328201513,1.0
-0.5,0.5,0.4632506400716184,-0.5,0.5,0.5,-0.5,-0.4623586665597232,0.5,0.5,0.12442794674814359,0.17795349720830717,-0.2195530447994294,0.5,0.5,-0.5,0.5,-0.5,-0.5,0.25225086428513527,-0.5,0.5,-0.1819435071955063,-0.5,0.5,-0.5,0.18353398725920925,-0.2942924898654215,-0.21470992701650893,-0.5,0.5,-0.5,-0.5,-0.09980792376282886,-0.5,0.5,-0.017126326666745715,-0.5,-0.36111805521256574,-0.5,-0.12516067755166368,-1.0
-0.5,0.5,0.46625188436811055,-0.5,0.33441860022576364,0.5,-0.5,-0.5,0.5,0.5,0.08328191417748915,0.12841786418621565,-0.2239051649700073,0.5,0.5,-0.5,0.5,-0.49577826663315167,-0.5,0.15468749151430086,-0.5,0.5,-0.4354511451828616,-0.5,0.5,-0.5,0.38040792128491413,-0.5,0.06532895414565526,-0.5,0.5,-0.5,-0.5,-0.22511879975678972,-0.5,0.5,-0.08677763731388415,-0.5,-0.3518254638778545,-0.5,-0.16071788218668556,1.0
-0.5,0.5,0.4670095251499971,-0.5,0.33451131899530856,0.5,-0.5,-0.5,0.5,0.5,0.08439177087704558,0.1283426867833296,-0.22720439098295492,0.5,0.5,-0.5,0.5,-0.49998227692214786,-0.5,0.15507350438722997,-0.5,0.5,-0.4158878321135618,-0.5,0.5,-0.5,0.35343766804641313,-0.5,0.029666177264738972,-0.5,0.5,-0.5,-0.5,-0.2260851551323422,-0.5,0.5,-0.08846393710292705,-0.5,-0.35159323223070227,-0.5,-0.1607433314813689,1.0
-0.5,0.5,0.29705342550350633,-0.5,0.5,0.5,-0.5,-0.5,0.5,0.5,0.13506701978015095,0.20635094776478158,-0.2512739762545448,0.5,0.5,-0.5,0.5,-0.5,-0.5,0.22039771403769842,-0.5,0.5,0.022399464908455135,-0.5,0.5,0.008851708488577834,-0.006525249060342934,0.20377769294728,-0.47578764471556084,-0.5,0.5,-0.5,-0.5,0.021633631426973866,-0.5,0.5,-0.018727590378424787,-0.5,-0.3726078944497515,-0.5,-0.11999351093011132,-1.0
-0.5,0.5,0.3515639241210676,-0.5,0.3741083987989777,0.5,-0.5,-0.5,0.5,0.5,0.06993931626508741,0.17695306334161798,-0.2565120173640918,0.5,0.5,-0.5,0.5,-0.5,-0.5,0.13915043979168937,-0.5,0.5,-0.4634818646097933,-0.5,0.5,0.30232123098570596,0.33953468648844815,-0.5,-0.06357918363259027,-0.5,0.5,-0.5,-0.5,-0.27738998135045967,-0.5,0.5,-0.08966582747938723,-0.5,-0.35969057919120273,-0.5,-0.16489130408020683,1.0
-0.5,0.5,0.2889843551034965,-0.5,0.5,0.5,-0.5,-0.5,0.5,0.5,0.1368287018077516,0.20150742418095485,-0.28789154719087284,0.5,0.5,-0.5,0.5,-0.5,-0.3443781770627064,0.2518634100033982,-0.5,0.5,-0.014822824862579402,-0.5,0.5,-0.5,-0.011036485954809423,0.27553229859015477,-0.46763464460333315,-0.5,0.5,-0.5,-0.5,0.02603069705138744,-0.5,0.5,-0.014110997336635343,-0.5,-0.37155142109719425,-0.5,-0.11781470096621323,-1.0
-0.5,0.5,0.27588122700424644,-0.5,0.5,0.5,-0.5,-0.5,0.5,0.5,0.13847044814834208,0.20767525515710022,-0.32499153393303126,0.5,0.5,-0.5,0.5,-0.5,0.18206753645111584,0.256980237350485,-0.5,0.5,-0.06372709186660572,-0.5,0.5,0.1677665578120139,0.023062615383114767,0.1982161379927125,-0.48215437948590795,-0.5,0.5,-0.5,-0.5,-0.007986636440356323,-0.5,0.5,-0.007486983649298128,-0.5,-0.3696560487203835,-0.5,-0.12065702640686769,-1.0
-0.5,0.5,0.4462732724691624,-0.5,0.5,0.5,-0.5,-0.4662070002317125,0.5,0.5,0.11449718285120793,0.18418947692982365,-0.22247940568618318,0.5,0.5,-0.5,0.5,-0.5,-0.5,0.2425647819157737,-0.5,0.5,-0.4381364117050238,-0.5,0.5,0.21789281205530336,0.44227090056769097,-0.5,0.06182738968638382,-0.5,0.5,-0.5,-0.5,-0.15593684942681965,-0.5,0.5,0.0005189393544322586,-0.5,-0.3664758481499156,-0.5,-0.13213886945755596,-1.0
-0.5,0.5,0.2715334843732708,-0.5,0.5,0.5,-0.5,-0.5,0.5,0.5,0.13945722946965436,0.2034008001258487,-0.3266266655100129,0.5,0.5,-0.5,0.5,-0.5,0.5,0.2736629488208077,-0.5,0.5,-0.09685923910251015,-0.5,0.5,0.16050929986487333,0.04364526852179468,0.20332384424787725,-0.48319563956015915,-0.5,0.5,-0.5,-0.5,-0.023944378852588193,-0.5,0.5,-0.005211577755640605,-0.5,-0.36878934633518934,-0.5,-0.12160698097491797,-1.0
-0.5,0.5,0.45301966550925415,-0.5,0.359555763026469,0.5,-0.5,-0.5,0.5,0.5,0.08745106663639335,0.14230459047481275,-0.21834019380599665,0.5,0.5,-0.5,0.5,-0.5,-0.5,0.16734868927674448,-0.5,0.5,-0.15040336876335458,-0.5,0.5,-0.5,-0.04416138277206601,-0.07982155568468445,-0.4483038308466215,-0.5,0.5,-0.5,-0.5,-0.17883534237455978,-0.5,0.5,-0.11564580470713055,-0.5,-0.34833914931861226,-0.5,-0.1557196584646862,1.0
-0.5,0.5,0.462807739658252,-0.5,0.3394908328234144,0.5,-0.4968988136047765,-0.5,0.5,0.5,0.08075961268494088,0.1370671501735412,-0.219065915857238,0.5,0.5,-0.5,0.5,-0.49996332693136447,-0.5,0.14030243638320924,-0.5,0.5,-0.4485223862277419,-0.5,0.5,0.046588475057800206,0.3837970181048675,-0.5,0.018922213784930052,-0.5,0.5,-0.5,-0.5,-0.244728745556042,-0.5,0.5,-0.09019425798284986,-0.5,-0.3519725947691501,-0.5,-0.16341771962869955,1.0
-0.5,0.5,0.4710321562476249,-0.5,0.34281266614772665,0.5,-0.49897963050440247,-0.5,0.5,0.5,0.08484255052271879,0.1371383483444898,-0.21174327128812223,0.5,0.5,-0.5,0.5,-0.5,-0.5,0.1448259997373595,-0.5,0.5,-0.33545289396882266,-0.5,0.5,-0.3355612754329772,0.14084053995284418,-0.3569327672472583,-0.26299965847424156,-0.5,0.5,-0.5,-0.5,-0.2496779191707708,-0.5,0.5,-0.10641622907307191,-0.5,-0.34683876538390557,-0.5,-0.1598303831871898,1.0
-0.5,0.5,0.47842929209442225,-0.5,0.3502748968612945,0.5,-0.4891322499955763,-0.5,0.5,0.5,0.089631802098437,0.14486309806483594,-0.21813148977835997,0.5,0.5,-0.5,0.5,-0.5,-0.5,0.1206661348570092,-0.5,0.5,0.002517810545111767,-0.5,0.5,0.06131403984379169,-0.061196312084640166,0.12695938895958553,-0.49844350403851295,-0.5,0.5,-0.5,-0.5,-0.09529294948035433,-0.5,0.5,-0.11395196025882397,-0.5,-0.3510631337510934,-0.5,-0.15434564287723757,1.0
-0.5,0.5,0.445662631342494,-0.5,0.5,0.5,-0.5,-0.48027779404801907,0.5,0.5,0.12515423127088268,0.18690655783457044,-0.21605098831105526,0.5,0.5,-0.5,0.5,-0.5,-0.5,0.22921151282156882,-0.5,0.5,-0.23948469957701146,-0.5,0.5,0.13293200279687628,0.17206301830751236,-0.27132531390622183,-0.29281092788783636,-0.5,0.5,-0.5,-0.5,-0.12942741187532578,-0.5,0.5,-0.019300084105522697,-0.5,-0.3613755175152028,-0.5,-0.12641393610474744,-1.0
-0.5,0.5,0.25650590929645223,-0.5,0.4086896252262677,0.5,-0.5,-0.5,0.5,0.5,0.08348209565816289,0.19084853524007078,-0.3203462216382136,0.5,0.5,-0.5,0.5,-0.5,-0.17668850635609243,0.2095290492692784,-0.5,0.5,-0.029653375019743144,-0.5,0.5,-0.5,-0.08414965018404251,0.26572685210046026,-0.5,-0.5,0.5,-0.5,-0.49983709228969037,-0.09772587848748737,-0.5,0.5,-0.10177045601337235,-0.5,-0.3608743554063139,-0.5,-0.1553791893657123,1.0
-0.5,0.5,0.278041513659979,-0.5,0.41929760876167305,0.5,-0.5,-0.5,0.5,0.5,0.057101800607489255,0.2175759076451862,-0.23441230045404032,0.5,0.5,-0.5,0.5,-0.5,-0.5,0.15993733093750181,-0.5,0.5,0.01657941649882734,-0.5,0.5,-0.4614667860260417,-0.09799763135253364,0.25338535221086556,-0.5,-0.5,0.5,-0.5,-0.4999976640760849,-0.07548351768491385,-0.5,0.5,-0.10648165325355122,-0.5,-0.36474094700764237,-0.5,-0.15697434073328806,1.0
-0.5,0.5,0.28140322072744334,-0.5,0.5,0.5,-0.5,-0.5,0.5,0.5,0.1391006134377378,0.20355947149906345,-0.3336929618264907,0.5,0.5,-0.5,0.5,-0.5,-0.3230884044099391,0.2551296623016301,-0.5,0.5,-0.025890926729005087,-0.5,0.5,-0.5,-0.003276239759692587,0.2734900044283285,-0.46688685068251473,-0.5,0.5,-0.5,-0.5,0.018484884186559802,-0.5,0.5,-0.013385232015020142,-0.5,-0.3709899010739108,-0.5,-0.11727504361735945,-1.0
-0.5,0.5,0.27797247739540654,-0.5,0.5,0.5,-0.5,-0.5,0.5,0.5,0.13924827717016106,0.20717633120343984,-0.3269509965536078,0.5,0.5,-0.5,0.5,-0.5,0.1843827508766113,0.25421729773840984,-0.5,0.5,-0.009763064148716109,-0.5,0.5,0.12841152180706217,0.018486842254633387,0.21177391364233808,-0.4778366995205596,-0.5,0.5,-0.5,-0.5,0.00939959432091417,-0.5,0.5,-0.00864027031223969,-0.5,-0.3703898112792157,-0.5,-0.12029101675288685,-1.0
-0.5,0.5,0.27896161844785927,-0.5,0.5,0.5,-0.5,-0.5,0.5,0.5,0.14022758782161024,0.19902660314505188,-0.33457138608441556,0.5,0.5,-0.5,0.5,-0.5,0.26053801730703147,0.282059932510572,-0.5,0.5,-0.024487526479603734,-0.5,0.5,-0.5,0.003229005896354686,0.28352322908949645,-0.46525976690174115,-0.5,0.5,-0.5,-0.5,0.023453513050143787,-0.5,0.5,-0.006944514920069168,-0.5,-0.3697212158743477,-0.5,-0.11796200897976067,-1.0
-0.5,0.5,0.29862097508549656,-0.5,0.5,0.5,-0.5,-0.5,0.5,0.5,0.13570919332534365,0.19972071490201165,-0.25939120841310764,0.5,0.5,-0.5,0.5,-0.5,-0.5,0.23893720141286748,-0.5,0.5,0.017103322550779673,-0.5,0.5,-0.5,-0.02328865337519481,0.27030264935389886,-0.4640227139348797,-0.5,0.5,-0.5,-0.5,0.03956078032118337,-0.5,0.5,-0.017877165316655737,-0.5,-0.3726987118378071,-0.5,-0.1179806231096485,-1.0
-0.5,0.5,0.4620639622962261,-0.5,0.5,0.5,-0.5,-0.47947340963444357,0.5,0.5,0.13350633982477692,0.18357218321251728,-0.21402401315461586,0.5,0.5,-0.5,0.5,-0.5,-0.5,0.22334604343650555,-0.5,0.5,-0.056055042766294,-0.5,0.5,0.007718863268153133,0.015441220969203594,0.06597275129342495,-0.4655106964071149,-0.5,0.5,-0.5,-0.5,-0.03127430790576456,-0.5,0.5,-0.025227299741033347,-0.5,-0.36197904918364754,-0.5,-0.12115019864120972,-1.0
-0.5,0.5,0.4570186543199171,-0.5,0.5,0.5,-0.5,-0.45079388963827915,0.5,0.5,0.11841995560720311,0.18500662775988147,-0.1994987835438911,0.5,0.5,-0.5,0.5,-0.5,-0.5,0.24295582612301547,-0.5,0.5,-0.4698901841571782,-0.5,0.5,0.25695043160337916,0.38505135894054004,-0.5,-0.07820402920529797,-0.5,0.5,-0.5,-0.5,-0.20829103781184333,-0.5,0.5,-0.009248789015126139,-0.5,-0.36106843144513284,-0.5,-0.13181097047301438,-1.0
-0.5,0.5,0.47349232712630834,-0.5,0.3319699763524312,0.5,-0.5,-0.5,0.5,0.5,0.08626649058815729,0.1267510362254655,-0.23158535615151865,0.5,0.5,-0.5,0.5,-0.49999999978329907,-0.5,0.15429841311514553,-0.5,0.5,-0.31686417650238335,-0.5,0.5,-0.5,0.3048758469396427,-0.5,0.0012846072359965243,-0.5,0.5,-0.5,-0.5,-0.1999112511486084,-0.5,0.5,-0.09020487746530181,-0.5,-0.35224942368201684,-0.5,-0.16113289872707265,1.0
-0.5,0.5,0.2769672300755221,-0.5,0.42114744470342924,0.5,-0.5,-0.5,0.5,0.5,0.05606562119784813,0.22172882423793228,-0.22958329777282976,0.5,0.5,-0.5,0.5,-0.5,-0.5,0.14745225614747787,-0.5,0.5,0.004708273370610997,-0.5,0.5,-0.10464625682991513,-0.0881119508225757,0.19204659917013908,-0.4999190268069351,-0.5,0.5,-0.5,-0.49999999999943623,-0.08107311065863239,-0.5,0.5,-0.1078219437908707,-0.5,-0.3647666590173218,-0.5,-0.15823943244253844,1.0
-0.5,0.5,0.23261807922764982,-0.5,0.4127475966993605,0.5,-0.5,-0.5,0.5,0.5,0.06974543241346712,0.19424603320746198,-0.23160167364664333,0.5,0.5,-0.5,0.5,-0.5,0.5,0.2193055403313365,-0.5,0.5,-0.5,-0.5,0.5,0.4040504349588985,0.12336996428260152,-0.49999999999999306,-0.38572133610714976,-0.5,0.5,-0.5,-0.5,-0.3776345596179093,-0.5,0.5,-0.10545456630880659,-0.5,-0.35204747187423874,-0.5,-0.16883978530945182,1.0
-0.5,0.5,0.2611024698178766,-0.5,0.426947233158887,0.5,-0.5,-0.5,0.5,0.5,0.04666116608861071,0.22953731266136618,-0.21154806318618294,0.5,0.5,-0.5,0.5,-0.5,-0.5,0.14866376064720505,-0.5,0.5,-0.2597286251763212,-0.5,0.5,0.08380917923352395,0.013205539466077842,-0.27768265479624143,-0.4128825944757475,-0.5,0.5,-0.5,-0.5,-0.2463537524313033,-0.5,0.5,-0.11304442952392003,-0.5,-0.3585457290664582,-0.5,-0.1630947330514832,1.0
-0.5,0.5,0.25752747195280945,-0.5,0.39732652528570417,0.5,-0.5,-0.5,0.5,0.5,0.06630112086680719,0.18985467607565817,-0.26409318426232364,0.5,0.5,-0.5,0.5,-0.5,-0.15719279992220153,0.1876309250291029,-0.5,0.5,-0.16178691389864897,-0.5,0.5,-0.5,0.09310693325272605,-0.38085316122582535,-0.20843577944472624,-0.5,0.5,-0.5,-0.5,-0.17908729250873512,-0.5,0.5,-0.09472731306411822,-0.5,-0.3601198786499951,-0.5,-0.1600639709070807,1.0
-0.5,0.5,0.2426520516268649,-0.5,0.41161492606701733,0.5,-0.5,-0.5,0.5,0.5,0.07474096670735107,0.19556525821566145,-0.25932851297946463,0.5,0.5,-0.5,0.5,-0.5,0.5,0.21690404129215785,-0.5,0.5,-0.3007492207885149,-0.5,0.5,0.29255297734151664,0.01593487882777611,-0.17451633202751204,-0.4570672341100004,-0.5,0.5,-0.5,-0.5,-0.24542376466718066,-0.5,0.5,-0.10104403617398998,-0.5,-0.3554033819411761,-0.5,-0.16410013836133686,1.0
-0.5,0.5,0.25736019135848565,-0.5,0.40260012628097036,0.5,-0.5,-0.5,0.5,0.5,0.0847257727402492,0.18109995751993685,-0.28513120523031077,0.5,0.5,-0.5,0.5,-0.5,0.5,0.23689665487044692,-0.5,0.5,-0.05422097677190694,-0.5,0.5,-0.5,-0.06943038726992491,0.2657355371362601,-0.5,-0.5,0.5,-0.5,-0.4999669758619079,-0.10278534996273103,-0.5,0.5,-0.09481710652922525,-0.5,-0.35988581469013553,-0.5,-0.15729438748801045,1.0
-0.5,0.5,0.2635319698223813,-0.5,0.42963617927216274,0.5,-0.5,-0.5,0.5,0.5,0.048370878367736146,0.23076868852426413,-0.2093717590125972,0.5,0.5,-0.5,0.5,-0.5,-0.4703743803565542,0.1458265337373473,-0.5,0.5,-0.2601354813269429,-0.5,0.5,0.2907984565275658,-0.013621619516610256,-0.12683585419590365,-0.4786877023603346,-0.5,0.5,-0.5,-0.5,-0.22571813560331777,-0.5,0.5,-0.11203006479120695,-0.5,-0.3594038426362731,-0.5,-0.16303734712405354,1.0
-0.5,0.5,0.279444865306364,-0.5,0.5,0.5,-0.5,-0.5,0.5,0.5,0.14121312190035262,0.20073499994146266,-0.3352265884520657,0.5,0.5,-0.49999999999745964,0.5,-0.5,-0.07495038973734935,0.26314360318190044,-0.5,0.5,-0.012828558459275788,-0.5,0.5,-0.5,0.008206535993759815,0.30518262885174463,-0.47489198323762855,-0.5,0.5,-0.5,-0.5,0.01539700355482186,-0.5,0.5,-0.013689741180604847,-0.5,-0.37007214148716144,-0.5,-0.11720430823497809,-1.0
-0.5,0.5,0.4673260881131491,-0.5,0.3585356942267364,0.5,-0.49216409046274184,-0.4999999999999987,0.5,0.5,0.06148087547789005,0.16850377692832355,-0.1914437455134198,0.5,0.5,-0.5,0.5,-0.49999999999996314,-0.5,0.13420131711402852,-0.5,0.5,-0.3188867738241586,-0.5,0.5,0.057255383606955625,0.24691796957424197,-0.5,-0.13124342575161987,-0.5,0.5,-0.5,-0.5,-0.24645205669908193,-0.5,0.5,-0.10094097639624329,-0.5,-0.35202534560051557,-0.5,-0.16531327223281955,1.0
-0.5,0.5,0.47724742373412715,-0.5,0.3481212096614071,0.5,-0.4989342524307099,-0.49999999999602135,0.5,0.5,0.07331392884769022,0.1501461032271402,-0.19380947741616378,0.5,0.5,-0.5,0.5,-0.49999999999990935,-0.5,0.1612498651938779,-0.5,0.5,-0.3055457026665501,-0.5,0.5,-0.47122281654446363,0.2299050053630604,-0.5,-0.10979086760015556,-0.5,0.5,-0.5,-0.5,-0.2373520689227538,-0.5,0.5,-0.10260116924929118,-0.5,-0.3503592058916893,-0.5,-0.16353491829230332,1.0
-0.5,0.5,0.252973734751514,-0.5,0.40753195734791836,0.5,-0.5,-0.5,0.5,0.5,0.08145502963522483,0.1899976571441579,-0.2802310160474398,0.5,0.5,-0.5,0.5,-0.5,0.5,0.21509714380360148,-0.5,0.5,-0.10504611173252651,-0.5,0.5,0.22109333103319867,-0.030738903355841306,0.1589773767732754,-0.5,-0.5,0.5,-0.5,-0.4999999999947282,-0.13273508743193807,-0.5,0.5,-0.09668359101619103,-0.5,-0.3601127898207096,-0.5,-0.1611786692042748,1.0
-0.5,0.5,0.2591351209141331,-0.5,0.40372815123780187,0.5,-0.5,-0.5,0.5,0.5,0.08128061106654164,0.18657720773620928,-0.2536043996398179,0.5,0.5,-0.5,0.5,-0.5,0.5,0.2147468640244526,-0.5,0.5,-0.11708264343813056,-0.5,0.5,0.2356186142259433,-0.04168457208811385,0.13583199406515342,-0.5,-0.5,0.5,-0.5,-0.5,-0.12757080198820525,-0.5,0.5,-0.09576300248123502,-0.5,-0.36025866103583776,-0.5,-0.1613939341118053,1.0
-0.5,0.5,0.2743278502999034,-0.5,0.5,0.5,-0.5,-0.5,0.5,0.5,0.1405119254723695,0.202794630762156,-0.32852615331406726,0.5,0.5,-0.5,0.5,-0.5,0.5,0.27147424182160573,-0.5,0.5,-0.04642007929976608,-0.5,0.5,0.15054412792819327,0.03387983936945499,0.24262386535307995,-0.4871460817838392,-0.5,0.5,-0.5,-0.5,-0.001670152467725338,-0.5,0.5,-0.005069791651177896,-0.5,-0.36982577385152415,-0.5,-0.12127065572173334,-1.0
-0.5,0.5,0.2588673522135485,-0.5,0.42366808943842826,0.5,-0.5,-0.5,0.5,0.5,0.045604673196236505,0.22223726800824833,-0.2225947115621597,0.5,0.5,-0.5,0.5,-0.5,-0.5,0.17328073130287708,-0.5,0.5,-0.30698683057894216,-0.5,0.5,-0.5,0.038418629666148923,-0.3125666684650074,-0.34603410462899664,-0.5,0.5,-0.5,-0.5,-0.2468996169541073,-0.5,0.5,-0.1078445055366396,-0.5,-0.3584433335238415,-0.5,-0.1612731695989565,1.0
-0.5,0.5,0.39806260992754283,-0.5,0.5,0.5,-0.5,-0.4999999999999998,0.5,0.5,0.11736197924228448,0.18192791649065093,-0.25772452989940053,0.5,0.5,-0.5,0.5,-0.5,-0.5,0.2504054695733978,-0.5,0.5,-0.3404942044140016,-0.5,0.5,-0.5,0.3388644489713259,-0.5,-0.037562435560255174,-0.5,0.5,-0.5,-0.5,-0.16012258708228388,-0.5,0.5,-0.009722401365593953,-0.5,-0.36690874497952003,-0.5,-0.12646629463704906,-1.0
-0.5,0.5,0.2723688514470936,-0.5,0.5,0.5,-0.5,-0.5,0.5,0.5,0.13784266494369116,0.19702904791962939,-0.33538542053172554,0.5,0.5,-0.5,0.5,-0.5,0.5,0.29901911342146203,-0.5,0.5,-0.11604557212524885,-0.5,0.5,-0.5,0.02989685388644115,0.17842597434057048,-0.43213805718605053,-0.5,0.5,-0.5,-0.5,-0.012125632030442538,-0.5,0.5,-0.0021594886767092813,-0.5,-0.36813722545997246,-0.5,-0.11945540672687716,-1.0
-0.5,0.5,0.458985352097865,-0.5,0.3378025950702401,0.5,-0.5,-0.5,0.5,0.5,0.08083078864241634,0.13376743147493456,-0.238011509905853,0.5,0.5,-0.5,0.5,-0.5,-0.5,0.14318647359851547,-0.5,0.5,-0.41786230654653816,-0.5,0.5,-0.5,0.29282196085937234,-0.5,-0.06802247760760212,-0.5,0.5,-0.5,-0.5,-0.26581005808789854,-0.5,0.5,-0.09720170072618618,-0.5,-0.34994565261919025,-0.5,-0.16051713389282987,1.0
-0.5,0.5,0.4589017874064357,-0.5,0.33595981845583534,0.5,-0.5,-0.5,0.5,0.5,0.08069971994842831,0.1317835617628348,-0.24516312586122627,0.5,0.5,-0.5,0.5,-0.5,-0.5,0.14619087517873036,-0.5,0.5,-0.427748937036824,-0.5,0.5,-0.5,0.3357038501714646,-0.5,-0.01281958610127494,-0.5,0.5,-0.5,-0.5,-0.2504452726959827,-0.5,0.5,-0.09183218665806588,-0.5,-0.35165148938813856,-0.5,-0.16107022220490994,1.0
-0.5,0.5,0.2725999695776896,-0.5,0.5,0.5,-0.5,-0.5,0.5,0.5,0.13795853981362385,0.19698543801539048,-0.3354840296034515,0.5,0.5,-0.5,0.5,-0.5,0.5,0.29877142065245016,-0.5,0.5,-0.11282820201819646,-0.5,0.5,-0.5,0.02890663525846199,0.18378291477273237,-0.4334797645903125,-0.5,0.5,-0.5,-0.5,-0.010341937190996527,-0.5,0.5,-0.002216890335931387,-0.5,-0.3682184868990732,-0.5,-0.1193992842287919,-1.0
-0.5,0.5,0.4795035027240929,-0.5,0.3465884928088786,0.5,-0.49543111763585573,-0.5,0.5,0.5,0.0910838688326339,0.13722583881916883,-0.22884791990679804,0.5,0.5,-0.5,0.5,-0.5,-0.5,0.13264663901944979,-0.5,0.5,-0.057073791526596654,-0.5,0.5,-0.5,-0.07739782448250401,0.16718634724971218,-0.4906419431904488,-0.5,0.5,-0.5,-0.5,-0.09633788416978088,-0.5,0.5,-0.1127832380790745,-0.5,-0.34998803308031695,-0.5,-0.150942058942237,1.0
-0.5,0.5,0.47302408711303917,-0.5,0.3438293977893739,0.5,-0.49923110462342346,-0.5,0.5,0.5,0.08738099649918651,0.1362621968425432,-0.22741636048549263,0.5,0.5,-0.5,0.5,-0.5,-0.5,0.13326038695461073,-0.5,0.5,-0.13846402112830164,-0.5,0.5,-0.5,0.012535117903751154,-0.1431828019314393,-0.36907792301309356,-0.5,0.5,-0.5,-0.5,-0.16581692494559586,-0.5,0.5,-0.11166434881327078,-0.5,-0.34807651724697986,-0.5,-0.15374186422350974,1.0
-0.5,0.5,0.3788163978706261,-0.5,0.5,0.5,-0.5,-0.5,0.5,0.5,0.1133400604700409,0.19014225620335917,-0.2638154501392009,0.5,0.5,-0.5,0.5,-0.5,-0.5,0.2327489579431607,-0.5,0.5,-0.4297005944589676,-0.5,0.5,0.14356174901905067,0.42297113203701486,-0.5,0.002821238619758257,-0.5,0.5,-0.5,-0.5,-0.17563146442084593,-0.5,0.5,-0.0015731915583276509,-0.5,-0.37037104044801483,-0.5,-0.12947393297902304,-1.0
-0.5,0.5,0.26709988418561437,-0.5,0.4242207912146214,0.5,-0.5,-0.5,0.5,0.5,0.049398927782741645,0.22441716230787034,-0.22083357020808383,0.5,0.5,-0.5,0.5,-0.5,-0.5,0.15929804635237088,-0.5,0.5,-0.1819089033440031,-0.5,0.5,-0.2515834034921419,-0.04302965269891112,-0.0681282142703699,-0.45755648370178414,-0.5,0.5,-0.5,-0.5,-0.1840850370104583,-0.5,0.5,-0.10973655855175059,-0.5,-0.3601068950291216,-0.5,-0.1597162676372055,1.0
-0.5,0.5,0.27289979875622317,-0.5,0.5,0.5,-0.5,-0.5,0.5,0.5,0.13818171247812847,0.1969137744212928,-0.335593831077523,0.5,0.5,-0.5,0.5,-0.5,0.5,0.2983586188217389,-0.5,0.5,-0.10860950335365722,-0.5,0.5,-0.5,0.027180958262289022,0.1933063893764424,-0.4366462002657608,-0.5,0.5,-0.5,-0.5,-0.00807096578122145,-0.5,0.5,-0.002363183384201367,-0.5,-0.3682918466077054,-0.5,-0.11929885304618959,-1.0
-0.5,0.5,0.26740223941009494,-0.5,0.4004171811003033,0.5,-0.5,-0.5,0.5,0.5,0.08136282107172338,0.18768279349643582,-0.2562051480668288,0.5,0.5,-0.5,0.5,-0.5,-0.5,0.18849095445485942,-0.5,0.5,-0.10929394714302135,-0.5,0.5,-0.5,-0.08958140942585012,0.14020655544393956,-0.4930390032177279,-0.5,0.5,-0.5,-0.5,-0.12228859432383325,-0.5,0.5,-0.10743460335893887,-0.5,-0.3604318965885099,-0.5,-0.15537807984938182,1.0
-0.5,0.5,0.45375328112877594,-0.5,0.3476211231467917,0.5,-0.4955437102622136,-0.5,0.5,0.5,0.07488351295010698,0.1476864947801922,-0.22106041861924863,0.5,0.5,-0.5,0.5,-0.5,-0.5,0.13628057708754265,-0.5,0.5,-0.45672790626280824,-0.5,0.5,0.20515844403627667,0.3323499849722489,-0.5,-0.0818606693021425,-0.5,0.5,-0.5,-0.5,-0.2806053330159567,-0.5,0.5,-0.0961268779050135,-0.5,-0.35176365150756195,-0.5,-0.16563427764784364,1.0
-0.5,0.5,0.4741292617727349,-0.5,0.32914390595452336,0.5,-0.5,-0.5,0.5,0.5,0.08713810051636839,0.1301218438690825,-0.24616011594185302,0.5,0.5,-0.5,0.5,-0.5,-0.5,0.1285453287330485,-0.5,0.5,-0.14278645326351805,-0.5,0.5,-0.5,0.19064143142844103,-0.3811528392550954,-0.10373060768444037,-0.5,0.5,-0.5,-0.5,-0.14014159119615374,-0.5,0.5,-0.09546061045084,-0.5,-0.3534782850698085,-0.5,-0.15726335960116247,1.0
-0.5,0.5,0.47643365725068415,-0.5,0.34802351076095955,0.5,-0.4923732524157372,-0.5,0.5,0.5,0.08878011475002756,0.1425311864988035,-0.22570760486005137,0.5,0.5,-0.5,0.5,-0.5,-0.5,0.11990130387768183,-0.5,0.5,-0.04599268987654398,-0.5,0.5,-0.14289042035016541,-0.06669634869422872,0.08869063964057877,-0.4882466021061298,-0.5,0.5,-0.5,-0.5,-0.10889029101019854,-0.5,0.5,-0.1138127089745362,-0.5,-0.3499263636437108,-0.5,-0.15266932727029747,1.0
-0.5,0.5,0.4630631530752745,-0.5,0.34466373629087266,0.5,-0.5,-0.5,0.5,0.5,0.09261764680793157,0.1337839199846248,-0.22525645010062936,0.5,0.5,-0.5,0.5,-0.5,-0.5,0.1584720802385185,-0.5,0.5,-0.304743248532919,-0.5,0.5,-0.5,0.04926268887350475,-0.1331900693236559,-0.37909793290929766,-0.5,0.5,-0.5,-0.5,-0.2186668309138866,-0.5,0.5,-0.11049881014363054,-0.5,-0.3464908889955196,-0.5,-0.15530673453628546,1.0
-0.5,0.5,0.27167679087112256,-0.5,0.5,0.5,-0.5,-0.5,0.5,0.5,0.13727978700736654,0.2033932272519892,-0.3278732979561153,0.5,0.5,-0.5,0.5,-0.5,0.5,0.2777049943197953,-0.5,0.5,-0.0960995016714109,-0.5,0.5,0.0564064809226251,0.03990017620499151,0.10847444066021394,-0.44412106528857975,-0.5,0.5,-0.5,-0.5,-0.023976895464287464,-0.5,0.5,-0.0038808470899492917,-0.5,-0.36845883351117265,-0.5,-0.1218272476928285,-1.0
-0.5,0.5,0.4588600739274203,-0.5,0.33581944084012255,0.5,-0.5,-0.5,0.5,0.5,0.08065272552886898,0.13159553943376257,-0.24588200807382724,0.5,0.5,-0.5,0.5,-0.5,-0.5,0.1466405638010464,-0.5,0.5,-0.43003977431132856,-0.5,0.5,-0.5,0.34069863621051955,-0.5,-0.006741492184287106,-0.5,0.5,-0.5,-0.5,-0.24910675146787592,-0.5,0.5,-0.09122296569701722,-0.5,-0.35184725456676463,-0.5,-0.1611353538745068,1.0
-0.5,0.5,0.4597281149241925,-0.5,0.33703037528002955,0.5,-0.5,-0.5,0.5,0.5,0.08036213404374784,0.13486405173561383,-0.24091440649183474,0.5,0.5,-0.5,0.5,-0.5,-0.5,0.1384804037537407,-0.5,0.5,-0.40879346496060315,-0.5,0.5,-0.3308056531005526,0.3266223600166434,-0.5,-0.03334294989509098,-0.5,0.5,-0.5,-0.5,-0.25016075489330736,-0.5,0.5,-0.09359402593069199,-0.5,-0.35150988187465265,-0.5,-0.16164938135369358,1.0
-0.5,0.5,0.2659830410831297,-0.5,0.4246986076086907,0.5,-0.5,-0.5,0.5,0.5,0.048763976365547426,0.22680207987154744,-0.21704213962554034,0.5,0.5,-0.5,0.5,-0.5,-0.5,0.14931695710979376,-0.5,0.5,-0.18622007711113278,-0.5,0.5,0.009372410485619964,-0.026449919001596718,-0.14757906983723296,-0.4469548729541101,-0.5,0.5,-0.5,-0.5,-0.20172007459878535,-0.5,0.5,-0.11148050869259545,-0.5,-0.35995886729977605,-0.5,-0.16125841609959848,1.0
-0.5,0.5,0.45942076875020516,-0.5,0.3352370411729582,0.5,-0.5,-0.5,0.5,0.5,0.08083383925349168,0.1314241358817895,-0.2467972057833417,0.5,0.5,-0.5,0.5,-0.5,-0.5,0.14590904825600426,-0.5,0.5,-0.41806152700503924,-0.5,0.5,-0.5,0.33912038425630564,-0.5,-0.0029396714304555445,-0.5,0.5,-0.5,-0.5,-0.24307753584769923,-0.5,0.5,-0.09082663622590108,-0.5,-0.3520863416243236,-0.5,-0.1610761108126084,1.0
-0.5,0.5,0.45928924200362864,-0.5,0.3382863733295454,0.5,-0.5,-0.5,0.5,0.5,0.08092264869109543,0.1344042313996189,-0.23578201775727678,0.5,0.5,-0.5,0.5,-0.5,-0.5,0.14204800763888029,-0.5,0.5,-0.41144260298708063,-0.5,0.5,-0.5,0.276147233154986,-0.5,-0.0866434980184053,-0.5,0.5,-0.5,-0.5,-0.2688242503089577,-0.5,0.5,-0.09879753353290335,-0.5,-0.3494362025597213,-0.5,-0.16027811290315996,1.0
-0.5,0.5,0.27747581498633156,-0.5,0.5,0.5,-0.5,-0.5,0.5,0.5,0.1353588655272172,0.21229522006523532,-0.325717329420026,0.5,0.5,-0.5,0.5,-0.5,-0.5,0.22951254917989217,-0.5,0.5,-0.07594534931204458,-0.5,0.5,-0.038831614756181104,0.01883397801931555,0.09785420544523676,-0.4482276085986863,-0.5,0.5,-0.5,-0.5,-0.025142555827351837,-0.5,0.5,-0.01630465405013956,-0.5,-0.3702739467670065,-0.5,-0.1194667837737292,-1.0
-0.5,0.5,0.26425167113560816,-0.5,0.423379292000001,0.5,-0.5,-0.5,0.5,0.5,0.048488530554410006,0.22159054653344476,-0.22519186717533787,0.5,0.5,-0.5,0.5,-0.5,-0.5,0.17212560028312282,-0.5,0.5,-0.22883450808009112,-0.5,0.5,-0.5,-0.01733158828339518,-0.10534641666636414,-0.41258899294601725,-0.5,0.5,-0.5,-0.5,-0.193511059078045,-0.5,0.5,-0.10749570246136975,-0.5,-0.3599200847395337,-0.5,-0.15965795515584877,1.0
-0.5,0.5,0.27402886375659447,-0.5,0.5,0.5,-0.5,-0.5,0.5,0.5,0.13685004624134306,0.20339294240836747,-0.3302315919970503,0.5,0.5,-0.5,0.5,-0.5,0.2796789175505799,0.27613277461910646,-0.5,0.5,-0.08793337718375692,-0.5,0.5,-0.22848146075873677,0.027360735366060842,0.14466858563963367,-0.43868556528765923,-0.5,0.5,-0.5,-0.5,-0.01306357088644568,-0.5,0.5,-0.006510959817131781,-0.5,-0.36846334721046275,-0.5,-0.11987013366697899,-1.0
-0.5,0.5,0.4090364321713533,-0.5,0.5,0.5,-0.5,-0.5,0.5,0.5,0.12837369688036526,0.18287013637707106,-0.253338148080095,0.5,0.5,-0.5,0.5,-0.5,-0.5,0.23653604635425948,-0.5,0.5,-0.1256019870824092,-0.5,0.5,-0.5,0.09520380823129414,0.007697569725713068,-0.3401395906523068,-0.5,0.5,-0.5,-0.5,-0.04002692414257679,-0.5,0.5,-0.020157942837685933,-0.5,-0.36676196995671967,-0.5,-0.11919770901282331,-1.0
-0.5,0.5,0.2522196320320075,-0.5,0.41028963395784546,0.5,-0.5,-0.5,0.5,0.5,0.08068690271352588,0.19039640078538858,-0.31778957469159913,0.5,0.5,-0.5,0.5,-0.5,0.08596874771807837,0.2229994316952083,-0.5,0.5,-0.12212082228793177,-0.5,0.5,-0.5,-0.08295255429674826,0.15009091065634755,-0.4909586084135863,-0.5,0.5,-0.5,-0.5,-0.12076351254083334,-0.5,0.5,-0.09985733755920773,-0.5,-0.358619173193148,-0.5,-0.15549140574020953,1.0
-0.5,0.5,0.4530164436320027,-0.5,0.36544105641131386,0.5,-0.49224588290547705,-0.5,0.5,0.5,0.056133989782932575,0.17649425259275617,-0.19550551463773785,0.5,0.5,-0.5,0.5,-0.5,-0.5,0.11955191743601884,-0.5,0.5,-0.38624032796854496,-0.5,0.5,0.17348684878217957,0.2205744130121374,-0.5,-0.20311181201771175,-0.5,0.5,-0.5,-0.5,-0.293041000359566,-0.5,0.5,-0.1059229611454019,-0.5,-0.35063044377497127,-0.5,-0.1650406573643072,1.0
-0.5,0.5,0.24329463957380063,-0.5,0.40598953972032786,0.5,-0.5,-0.5,0.5,0.5,0.07252304031719686,0.19304669287092965,-0.23922971959020528,0.5,0.5,-0.5,0.5,-0.5,0.3700123864052234,0.2082364087645677,-0.5,0.5,-0.32044748668853945,-0.5,0.5,0.3144625667234136,0.07687123887308452,-0.4458210139216354,-0.3623652108769984,-0.5,0.5,-0.5,-0.5,-0.28826913282001154,-0.5,0.5,-0.10306387228247947,-0.5,-0.35475165236641293,-0.5,-0.16633955702233352,1.0
-0.5,0.5,0.4774981242839352,-0.5,0.34737039849838647,0.5,-0.4959450792054657,-0.5,0.5,0.5,0.09017829531010395,0.13754664841210731,-0.2264352990896197,0.5,0.5,-0.5,0.5,-0.5,-0.5,0.13444675355572333,-0.5,0.5,-0.09432204735125868,-0.5,0.5,-0.5,-0.06628926205918602,0.13289440132245994,-0.48780967946812437,-0.5,0.5,-0.5,-0.5,-0.11764465263460118,-0.5,0.5,-0.11345795964881661,-0.5,-0.34904991522805845,-0.5,-0.15139106596578444,1.0
-0.5,0.5,0.2728985642378951,-0.5,0.5,0.5,-0.5,-0.5,0.5,0.5,0.13769302135963707,0.2012609310054209,-0.3306882905996715,0.5,0.5,-0.5,0.5,-0.5,0.5,0.28392803622054263,-0.5,0.5,-0.08701757131405519,-0.5,0.5,-0.13409066948860113,0.032581643255744454,0.145786614384185,-0.44155841481902813,-0.5,0.5,-0.5,-0.5,-0.01228630988927823,-0.5,0.5,-0.0039200786505804155,-0.5,-0.36853938685449433,-0.5,-0.12084063210867868,-1.0
-0.5,0.5,0.46639708611683567,-0.5,0.34187732425253825,0.5,-0.5,-0.5,0.5,0.5,0.08412429780722952,0.1367794695195249,-0.22016124479203641,0.5,0.5,-0.5,0.5,-0.5,-0.5,0.1352526850719724,-0.5,0.5,-0.3185149907429443,-0.5,0.5,-0.5,0.13876026936595068,-0.4392866135998155,-0.2466128095720167,-0.5,0.5,-0.5,-0.5,-0.25457580781043987,-0.5,0.5,-0.11018551376903962,-0.5,-0.34634706918221414,-0.5,-0.1578483918205084,1.0
-0.5,0.5,0.2608151039923876,-0.5,0.39988313071560044,0.5,-0.5,-0.5,0.5,0.5,0.08246513390173618,0.17852962604584488,-0.2605874008605358,0.5,0.5,-0.5,0.5,-0.5,0.5,0.23938103608144995,-0.5,0.5,-0.13312555895631759,-0.5,0.5,-0.5,-0.07127548738370283,0.14887397177824913,-0.48637392698381776,-0.5,0.5,-0.5,-0.5,-0.12273885464947726,-0.5,0.5,-0.09505668990233698,-0.5,-0.35854831335499787,-0.5,-0.15766878304527382,1.0
-0.5,0.5,0.38890007320950754,-0.5,0.5,0.5,-0.5,-0.5,0.5,0.5,0.11455784031391912,0.18451457546997832,-0.2629536992941201,0.5,0.5,-0.5,0.5,-0.5,-0.5,0.24661988898666337,-0.5,0.5,-0.4261619892643437,-0.5,0.5,-0.15810456900365125,0.41941898123245497,-0.5,0.02331679551914871,-0.5,0.5,-0.5,-0.5,-0.16763985790552458,-0.5,0.5,-0.0018246826521637373,-0.5,-0.3693997519009706,-0.5,-0.12860963727878558,-1.0
-0.5,0.5,0.274746032760658,-0.5,0.5,0.5,-0.5,-0.5,0.5,0.5,0.13756203425401115,0.2007422226858453,-0.33374536729978366,0.5,0.5,-0.5,0.5,-0.5,0.22143558542937342,0.28347546163503473,-0.5,0.5,-0.09824022060903725,-0.5,0.5,-0.5,0.01937039099983513,0.20140050498480916,-0.4432294157227772,-0.5,0.5,-0.5,-0.5,-0.006528627544771968,-0.5,0.5,-0.0061234772866501225,-0.5,-0.3684878648434946,-0.5,-0.11840084159985519,-1.0
-0.5,0.5,0.24670459076325132,-0.5,0.41288600165702294,0.5,-0.5,-0.5,0.5,0.5,0.08008392242648392,0.19315231788869944,-0.3101912888418702,0.5,0.5,-0.5,0.5,-0.5,0.5,0.22125083692371572,-0.5,0.5,-0.14893117615551277,-0.5,0.5,0.19741929081589502,-0.04344066549577898,0.05607544625817766,-0.49571122170803994,-0.5,0.5,-0.5,-0.5,-0.15115751670898578,-0.5,0.5,-0.09694381776451375,-0.5,-0.35843743641530124,-0.5,-0.16070074917736224,1.0
-0.5,0.5,0.2711444316103215,-0.5,0.5,0.5,-0.5,-0.5,0.5,0.5,0.13714367735220692,0.20369304048353884,-0.32711586055033004,0.5,0.5,-0.5,0.5,-0.5,0.5,0.2773964812252268,-0.5,0.5,-0.10463733775128191,-0.5,0.5,0.08500011684120293,0.040650416871757064,0.09909821378509996,-0.4461281001105576,-0.5,0.5,-0.5,-0.5,-0.029275935573397083,-0.5,0.5,-0.0038327698094379505,-0.5,-0.36827407630132797,-0.5,-0.12203697223325671,-1.0
-0.5,0.5,0.2695445117952579,-0.5,0.42255225190057544,0.5,-0.5,-0.5,0.5,0.5,0.050461943127794964,0.22250005768000058,-0.224636839915459,0.5,0.5,-0.5,0.5,-0.5,-0.5,0.16070786674794832,-0.5,0.5,-0.14333368531973126,-0.5,0.5,-0.34548325238386624,-0.05799203209302941,-0.03558924787573881,-0.45578941109455695,-0.5,0.5,-0.5,-0.5,-0.16085085096403687,-0.5,0.5,-0.10878674716370063,-0.5,-0.36088696053896696,-0.5,-0.1588522115387603,1.0
-0.5,0.5,0.3874897343029719,-0.5,0.5,0.5,-0.5,-0.5,0.5,0.5,0.11515522946323005,0.1879678617529802,-0.25711111401666675,0.5,0.5,-0.5,0.5,-0.5,-0.5,0.23518668169409357,-0.5,0.5,-0.43201327115945526,-0.5,0.5,0.1556506876765543,0.4136193490529445,-0.5,-0.013938937384343156,-0.5,0.5,-0.5,-0.5,-0.18098857567365967,-0.5,0.5,-0.003118382705682428,-0.5,-0.36918777579415357,-0.5,-0.12969950946421194,-1.0
-0.5,0.5,0.46926027727048697,-0.5,0.35198148973063675,0.5,-0.49090126722058686,-0.5,0.5,0.5,0.08466749466446222,0.14851784646970642,-0.21542683867298507,0.5,0.5,-0.5,0.5,-0.5,-0.5,0.11767223647147024,-0.5,0.5,-0.1093143787264233,-0.5,0.5,0.05335701374696516,-0.03402571217341083,-0.04711901721360924,-0.471911662749472,-0.5,0.5,-0.5,-0.5,-0.16029857034111414,-0.5,0.5,-0.11648827253338571,-0.5,-0.34830084469307965,-0.5,-0.1549008372992919,1.0
-0.5,0.5,0.4584485026318846,-0.5,0.33807246800429575,0.5,-0.5,-0.5,0.5,0.5,0.07965709575311322,0.13621091801852786,-0.2396754177777528,0.5,0.5,-0.5,0.5,-0.5,-0.5,0.13745824925286385,-0.5,0.5,-0.42114879504322356,-0.5,0.5,-0.322420502739973,0.32599682252841666,-0.5,-0.040762598779918925,-0.5,0.5,-0.5,-0.5,-0.2573949903760673,-0.5,0.5,-0.094617113126513,-0.5,-0.351214165649316,-0.5,-0.1616073103783726,1.0
-0.5,0.5,0.39507289020368597,-0.5,0.5,0.5,-0.5,-0.4999999999999967,0.5,0.5,0.1162597076042448,0.18247161809290377,-0.25696098966877723,0.5,0.5,-0.5,0.5,-0.5,-0.5,0.2507976593771223,-0.5,0.5,-0.41383785863150413,-0.5,0.5,-0.33252880472573215,0.3856448220932426,-0.5,-0.013826235865839509,-0.5,0.5,-0.5,-0.5,-0.177444749512428,-0.5,0.5,-0.006326569617268251,-0.5,-0.36742243674961356,-0.5,-0.12777869370607284,-1.0
-0.5,0.5,0.24659585390071234,-0.5,0.40744030108567947,0.5,-0.5,-0.5,0.5,0.5,0.07459262861368823,0.19150027275101714,-0.24094715104766778,0.5,0.5,-0.5,0.5,-0.5,0.5,0.21916126997938018,-0.5,0.5,-0.3065602436349866,-0.5,0.5,0.24129156597591925,0.01944860186984268,-0.1998839372471278,-0.44520070374973336,-0.5,0.5,-0.5,-0.5,-0.24892339563401267,-0.5,0.5,-0.10079941966061792,-0.5,-0.3552414910695363,-0.5,-0.1645766099681712,1.0
-0.5,0.5,0.47287244770394415,-0.5,0.336540933107921,0.5,-0.5,-0.5,0.5,0.5,0.0871263086420547,0.1324386249463383,-0.24308263072238573,0.5,0.5,-0.5,0.5,-0.5,-0.5,0.1314380086862612,-0.5,0.5,-0.11871006244562748,-0.5,0.5,-0.5,0.1042234567308749,-0.23673522608598183,-0.2228327429937648,-0.5,0.5,-0.5,-0.5,-0.13460541276405952,-0.5,0.5,-0.10144577376357161,-0.5,-0.3515928481477448,-0.5,-0.15479091062074438,1.0
-0.5,0.5,0.29167305142599304,-0.5,0.5,0.5,-0.5,-0.5,0.5,0.5,0.13289820945678266,0.20134743990920298,-0.2559848035091468,0.5,0.5,-0.5,0.5,-0.5,-0.5,0.2451998518927649,-0.5,0.5,-0.08596411675779841,-0.5,0.5,-0.5,0.007781184946751234,0.17088337333319742,-0.4424458500907049,-0.5,0.5,-0.5,-0.5,-0.010745254248596896,-0.5,0.5,-0.017150432589887108,-0.5,-0.37054912392307393,-0.5,-0.11903522654640698,-1.0
-0.5,0.5,0.45906971059584056,-0.5,0.33573835456070705,0.5,-0.5,-0.5,0.5,0.5,0.0807423045100316,0.13153290426823339,-0.2458044741175417,0.5,0.5,-0.5,0.5,-0.5,-0.5,0.14651915227904777,-0.5,0.5,-0.4267111352360873,-0.5,0.5,-0.5,0.3396901542885821,-0.5,-0.00703112331818976,-0.5,0.5,-0.5,-0.5,-0.2481186268058455,-0.5,0.5,-0.09132349160500565,-0.5,-0.3518549910723101,-0.5,-0.16112218523988758,1.0
-0.5,0.5,0.274832110589104,-0.5,0.420494118445212,0.5,-0.5,-0.5,0.5,0.5,0.054076196943617226,0.2178912076431999,-0.23291130313087402,0.5,0.5,-0.5,0.5,-0.5,-0.5,0.16578633529561915,-0.5,0.5,-0.07750489962584634,-0.5,0.5,-0.5,-0.0983961899941631,0.14641652381304332,-0.488000534000628,-0.5,0.5,-0.5,-0.5,-0.10183277644319096,-0.5,0.5,-0.10604222264200786,-0.5,-0.36313211096344294,-0.5,-0.1568048080151561,1.0
-0.5,0.5,0.453907068228475,-0.5,0.34713451151333413,0.5,-0.49542170377676487,-0.5,0.5,0.5,0.07504428932053392,0.14742451573216506,-0.22242526432530121,0.5,0.5,-0.5,0.5,-0.5,-0.5,0.13548752379194254,-0.5,0.5,-0.4511619007489823,-0.5,0.5,0.21920706908655022,0.3349993634226549,-0.5,-0.0759188794178097,-0.5,0.5,-0.5,-0.5,-0.2760275242555398,-0.5,0.5,-0.09539252138025825,-0.5,-0.3520791217843924,-0.5,-0.16567186715029264,1.0
-0.5,0.5,0.38911570537671714,-0.5,0.5,0.5,-0.5,-0.5,0.5,0.5,0.11485640409034951,0.1855001724004657,-0.2605834290756172,0.5,0.5,-0.5,0.5,-0.5,-0.5,0.24339342094837035,-0.5,0.5,-0.42630597766078276,-0.5,0.5,-0.06720485814057689,0.4159020094650389,-0.5,0.009997441447957136,-0.5,0.5,-0.5,-0.5,-0.17194285207827412,-0.5,0.5,-0.00253590626015674,-0.5,-0.3691623003447172,-0.5,-0.12890328321435568,-1.0
-0.5,0.5,0.2544631661660046,-0.5,0.4110680628591829,0.5,-0.5,-0.5,0.5,0.5,0.08001150200708554,0.1959498893923599,-0.3148124337884094,0.5,0.5,-0.5,0.5,-0.5,-0.43862620752528114,0.1934591356717701,-0.5,0.5,-0.10588840055237335,-0.5,0.5,-0.41718553431059135,-0.08393619638636791,0.11584974278784017,-0.49043004478500707,-0.5,0.5,-0.5,-0.5,-0.1266852067330339,-0.5,0.5,-0.1069616522519856,-0.5,-0.3598798561634093,-0.5,-0.1552824093499985,1.0
-0.5,0.5,0.277434666080948,-0.5,0.5,0.5,-0.5,-0.5,0.5,0.5,0.13653804168780787,0.2046566749617048,-0.3330373599975686,0.5,0.5,-0.5,0.5,-0.5,-0.16395335945146325,0.262740376506477,-0.5,0.5,-0.08347183318585827,-0.5,0.5,-0.5,0.010581868671046778,0.1859333092177139,-0.4404011613724486,-0.5,0.5,-0.5,-0.5,-0.004220401527732273,-0.5,0.5,-0.010756044926086112,-0.5,-0.3693998837639358,-0.5,-0.11767809126548241,-1.0
-0.5,0.5,0.4772783115547179,-0.5,0.3286548869320165,0.5,-0.5,-0.5,0.5,0.5,0.08828817722331887,0.12848091858007218,-0.26291366729735066,0.5,0.5,-0.5,0.5,-0.5,-0.5,0.12587570541137239,-0.5,0.5,-0.01664663952312917,-0.5,0.5,-0.5,0.16070646626788884,-0.27892849185349144,-0.09312774051053532,-0.5,0.5,-0.5,-0.5,-0.06051435901632593,-0.5,0.5,-0.091265374235309,-0.5,-0.3567385607399053,-0.5,-0.15511013736822157,1.0
